feature,mean_cluster0,mean_cluster1,difference_cluster1_minus_cluster0,cohens_d,abs_cohens_d,p_value,q_value
SER_map_Entropy_tissue_T1,-0.5524593572658794,0.9635154266601352,1.5159747839260147,2.2143088263154365,2.2143088263154365,6.800335900074088e-102,1.0901144518603614e-100
SER_map_sum_entropy_tissue_T1,-0.5521281130428112,0.962937720961569,1.51506583400438,2.211473013829073,2.211473013829073,1.226602862287816e-110,2.7036371422927274e-109
SER_map_std_dev_tissue_T1,0.5503409431630192,-0.9598208115878851,-1.5101617547509043,-2.1962721661741447,2.1962721661741447,9.271954068647045e-167,2.4524318511571433e-164
SER_map_difference_entropy_tissue_T1,-0.5462296821561962,0.9526505766176525,1.4988802587738488,2.161923995741078,2.161923995741078,6.258296173856105e-105,1.1823709557035286e-103
SER_map_Homogeneity2_tissue_T1,0.5403790375762868,-0.9424467738681686,-1.4828258114444552,-2.1144676185746287,2.1144676185746287,1.7689264843645097e-96,2.4625318690232254e-95
SER_map_Homogeneity1_tissue_T1,0.5390083025327882,-0.9400561466792058,-1.479064449211994,-2.1035805345076755,2.1035805345076755,1.1270524051129803e-98,1.7034592065850475e-97
SER_map_inverse_difference_is_homom_tissue_T1,0.5390083025327882,-0.9400561466792058,-1.479064449211994,-2.1035805345076755,2.1035805345076755,1.1270524051129803e-98,1.7034592065850475e-97
PE_map_std_dev_tissue_T1,0.5316837524361296,-0.9272817825225355,-1.458965534958665,-2.0468138830344245,2.0468138830344245,3.2574716079271316e-167,1.7232024805934525e-164
SER_map_Entropy_tissue_PostCon,-0.522586998333864,0.9114166101894172,1.4340036085232812,1.9794070724138308,1.9794070724138308,4.0325787635320144e-88,4.538796097677522e-87
SER_map_sum_entropy_tissue_PostCon,-0.5219269729548369,0.9102654944986145,1.4321924674534514,1.9746416345548692,1.9746416345548692,5.2327289738475854e-95,6.920284067913432e-94
SER_map_Energy_tissue_T1,0.5193891175479153,-0.9058393538186849,-1.4252284713666001,-1.9564692704254558,1.9564692704254558,3.1504553081798717e-125,1.1904220414479658e-123
SER_map_difference_entropy_tissue_PostCon,-0.517358863052941,0.9022984933006656,1.4196573563536066,1.9421012018137966,1.9421012018137966,8.910001791679735e-91,1.0712252154087682e-89
Grouping_based_mean_of_washin_slope_3D_tissue_T1_Group_2,0.5158871718542614,-0.899731793769634,-1.4156189656238953,-1.9317783618276447,1.9317783618276447,2.8812985048420752e-139,3.810517272653644e-137
SER_map_Max_Probability_tissue_T1,0.515549653857133,-0.8991431463103577,-1.4146928001674908,-1.9294217094363577,1.9294217094363577,1.9487610875599276e-104,3.5548090183420746e-103
SER_map_std_dev_tissue_PostCon,0.5137403874894559,-0.8959876996095874,-1.4097280870990434,-1.9168566498569013,1.9168566498569013,1.8207899933419228e-153,3.2106596882595905e-151
Ratio_Tissue_vol_enhancing_more_than_100percent_from_T1_to_Tissue_Vol,0.5123348458051441,-0.8935363679815909,-1.4058712137867349,-1.9071732952747225,1.9071732952747225,2.505544208204601e-138,2.650865772280468e-136
Grouping_based_mean_of_peak_enhancement_slope_3D_tissue_T1_Group_2,0.5106154391043991,-0.8905376408189811,-1.4011530799233802,-1.8954186865669802,1.8954186865669802,2.0186192100425644e-130,9.707723291931968e-129
SER_map_inverse_difference_normalized_tissue_T1,0.5102406418789394,-0.8898839766101965,-1.4001246184891358,-1.8928695600725662,1.8928695600725662,4.985885550916246e-70,4.057743779130299e-69
SER_map_Dissimilarity_tissue_T1,-0.5073209957834182,0.8847919747889377,1.3921129705723558,1.873170476403811,1.873170476403811,8.97427229735525e-69,6.9814559489719515e-68
Ratio_Tissue_vol_enhancing_more_than_90percent_from_T1_to_Tissue_Vol,0.5060155867515183,-0.8825152792749694,-1.3885308660264877,-1.8644522457488872,1.8644522457488872,1.934713852992829e-131,1.0234636282332065e-129
SER_map_Homogeneity2_tissue_PostCon,0.5058795663967488,-0.8822780532990907,-1.3881576196958396,-1.8635469623396774,1.8635469623396774,2.8496847457333e-80,2.6919343401659211e-79
SER_map_Homogeneity1_tissue_PostCon,0.5048940127604987,-0.8805592008263464,-1.3854532135868451,-1.8570051400848668,1.8570051400848668,2.496647080009195e-82,2.445789454305304e-81
SER_map_inverse_difference_is_homom_tissue_PostCon,0.5048940127604987,-0.8805592008263464,-1.3854532135868451,-1.8570051400848668,1.8570051400848668,2.496647080009195e-82,2.445789454305304e-81
Grouping_based_mean_of_peak_enhancement_slope_3D_tissue_T1_Group_1,0.5024501866441337,-0.8762970517067332,-1.3787472383508668,-1.8409150781010801,1.8409150781010801,1.1318525891578635e-133,8.553571709492998e-132
Grouping_based_mean_of_washin_slope_3D_tissue_T1_Group_1,0.5024501866441337,-0.8762970517067332,-1.3787472383508668,-1.8409150781010801,1.8409150781010801,1.1318525891578635e-133,8.553571709492998e-132
Ratio_Tissue_vol_enhancing_more_than_80percent_from_T1_to_Tissue_Vol,0.5009129005342235,-0.8736159515269499,-1.3745288520611734,-1.8308880123889386,1.8308880123889386,4.4741707762170107e-126,1.8206433389375375e-124
SER_map_Energy_tissue_PostCon,0.5000382668154641,-0.8720905486722079,-1.372128815487672,-1.8252151630111686,1.8252151630111686,8.075529397169265e-107,1.5822055744824226e-105
Grouping_based_mean_of_washout_slope_3D_tissue_T1_Group_2,0.4995853034773566,-0.8713005590408661,-1.3708858625182228,-1.8222862974531076,1.8222862974531076,6.652550995252576e-127,2.932666230407177e-125
Ratio_Tissue_vol_enhancing_more_than_70percent_from_T1_to_Tissue_Vol,0.4917634708633699,-0.8576589104938535,-1.3494223813572233,-1.7726553084818182,1.7726553084818182,6.877646622401516e-118,1.9148816122370534e-116
SER_map_Max_Probability_tissue_PostCon,0.4877952219208879,-0.8507380953739299,-1.3385333172948177,-1.7481331198544405,1.7481331198544405,4.6935154728934746e-88,5.172645177418017e-87
Grouping_based_mean_of_washout_slope_3D_tissue_T1_Group_1,0.4831167931532835,-0.8425786928209058,-1.3256954859741894,-1.7197617693907719,1.7197617693907719,3.0047100423667474e-121,1.0596610749413396e-119
Ratio_Tissue_vol_enhancing_more_than_60percent_from_T1_to_Tissue_Vol,0.4790391751495635,-0.8354671328501326,-1.3145063079996961,-1.6954917300453074,1.6954917300453074,7.390326567133766e-108,1.5036472130822164e-106
Grouping_based_mean_of_peak_enhancement_slope_3D_tissue_PostCon_Group_1,0.47712280898089493,-0.8321248989964409,-1.309247707977336,-1.6842280628357935,1.6842280628357935,1.6246433511714753e-133,9.549292586330116e-132
Grouping_based_mean_of_washin_slope_3D_tissue_PostCon_Group_1,0.47712280898089493,-0.8321248989964409,-1.309247707977336,-1.6842280628357935,1.6842280628357935,1.6246433511714753e-133,9.549292586330116e-132
PE_map_mean_tissue_T1,0.47327364902668273,-0.8254117807429656,-1.2986854297696484,-1.661871583098373,1.661871583098373,5.945114604609044e-117,1.572482812919092e-115
PE_map_sum_entropy_tissue_T1,-0.4679449295362775,0.8161182402031512,1.2840631697394287,1.6314918402256489,1.6314918402256489,5.6355102956271136e-64,4.140534647759366e-63
PE_map_Entropy_tissue_T1,-0.46509095829097036,0.8111407784479422,1.2762317367389127,1.6154837893734504,1.6154837893734504,2.288147523382914e-58,1.4409881427018592e-57
SER_map_inverse_difference_normalized_tissue_PostCon,0.4619695551736031,-0.8056969027728828,-1.2676664579464858,-1.598178816820703,1.598178816820703,5.174074142455537e-55,3.041205801509977e-54
Ratio_Tissue_vol_enhancing_more_than_50percent_from_T1_to_Tissue_Vol,0.46075372772432166,-0.8035764418049178,-1.2643301695292395,-1.5914945520621893,1.5914945520621893,1.6537221696707833e-95,2.2431257121944728e-94
SER_map_Dissimilarity_tissue_PostCon,-0.4577254426724077,0.79829496847033,1.2560204111427378,1.574980162939171,1.574980162939171,1.1405379403490497e-53,6.48757602628653e-53
Peak_SER_tissue_T1,0.4554466507009668,-0.7943206467582333,-1.2497672974592002,-1.5626770465248474,1.5626770465248474,4.920786470802803e-121,1.626935026909177e-119
Peak_SER_tissue_PostCon,0.4544375301981485,-0.7925606925479615,-1.24699822274611,-1.5572622594757446,1.5572622594757446,1.0705145280115935e-120,3.331189325400782e-119
PE_map_difference_entropy_tissue_T1,-0.45381670942601193,0.7914779515584613,1.2452946609844733,1.553941110459271,1.553941110459271,2.997251167277125e-57,1.8653480793995285e-56
Grouping_based_mean_of_washout_slope_3D_tissue_PostCon_Group_1,0.4531445091824253,-0.7903056023241112,-1.2434501115065366,-1.55035370457535,1.55035370457535,4.781140560252743e-118,1.4051240868742786e-116
PE_map_Homogeneity2_tissue_T1,0.4519347164374444,-0.7881956661676849,-1.2401303826051293,-1.5439196488078635,1.5439196488078635,1.5329209433813385e-54,8.911155813722287e-54
PE_map_inverse_difference_is_homom_tissue_T1,0.4516664951713204,-0.7877278755071228,-1.2393943706784432,-1.5424970377903693,1.5424970377903693,6.3223021905705585e-56,3.844250412427386e-55
PE_map_Homogeneity1_tissue_T1,0.4516664951713204,-0.7877278755071228,-1.2393943706784432,-1.5424970377903693,1.5424970377903693,6.3223021905705585e-56,3.844250412427386e-55
PE_map_Max_Probability_tissue_PostCon,0.4478281041205736,-0.7810335387340956,-1.2288616428546693,-1.52229047195542,1.52229047195542,3.854208291342107e-65,2.8716566001689783e-64
SER_map_information_measure_correlation2_tissue_T1,-0.4472237206375456,0.7799794651595284,1.227203185797074,1.5191343153050725,1.5191343153050725,4.461548663147676e-68,3.3716560611501725e-67
Ratio_Tissue_vol_enhancing_more_than_100percent_from_PostCon_to_Tissue_Vol,0.4453017182147674,-0.7766274014102795,-1.221929119625047,-1.5091427547695182,1.5091427547695182,3.1224713249998763e-112,7.181684047499716e-111
WashinRate_map_std_dev_tissue_T1,0.44443928436003155,-0.7751232756993401,-1.2195625600593716,-1.5046815977008832,1.5046815977008832,1.9737609278868092e-115,4.9719977659624864e-114
PE_map_inverse_difference_is_homom_tissue_PostCon,0.4443467948319261,-0.7749619695580601,-1.2193087643899863,-1.5042039830443228,1.5042039830443228,2.705435875687235e-51,1.3894908526587837e-50
PE_map_Homogeneity1_tissue_PostCon,0.4443467948319261,-0.7749619695580601,-1.2193087643899863,-1.5042039830443228,1.5042039830443228,2.705435875687235e-51,1.3894908526587837e-50
PE_map_sum_entropy_tissue_PostCon,-0.4442088811666175,0.774721441558446,1.2189303227250634,1.5034920896071196,1.5034920896071196,2.3609359462781138e-53,1.3146685427169708e-52
Ratio_Tissue_vol_enhancing_more_than_90percent_from_PostCon_to_Tissue_Vol,0.4427213869048937,-0.7721271807329398,-1.2148485676378336,-1.4958358534476042,1.4958358534476042,1.5805705107765011e-108,3.3444872008030764e-107
PE_map_Homogeneity2_tissue_PostCon,0.4413991842358705,-0.7698211963161312,-1.2112203805520017,-1.4890639602855873,1.4890639602855873,1.0532009283858317e-49,5.306126582058142e-49
WashinRate_map_std_dev_tissue_PostCon,0.4397246179525617,-0.7669006729767887,-1.2066252909293502,-1.4805321834200849,1.4805321834200849,4.8669333128726234e-113,1.1702762375043716e-111
Ratio_Tissue_vol_enhancing_more_than_80percent_from_PostCon_to_Tissue_Vol,0.43964320388483225,-0.7667586829658087,-1.206401886850641,-1.480118651424474,1.480118651424474,4.402009384479015e-104,7.762209881297997e-103
PE_map_Entropy_tissue_PostCon,-0.4388222514348314,0.7653269028000331,1.2041491542348646,1.4759552465994847,1.4759552465994847,1.849849951027536e-49,9.231798340505344e-49
PE_map_Energy_tissue_PostCon,0.43827331409067083,-0.7643695299319442,-1.202642844022615,-1.4731779352813084,1.4731779352813084,1.9110368345558787e-71,1.5795913835625934e-70
PE_map_Correlation1_tissue_PostCon,-0.43742621755129535,0.7628921532293425,1.2003183707806377,1.4689024056149038,1.4689024056149038,1.0413099900084025e-62,7.443959252897904e-62
PE_map_Correlation2_tissue_PostCon,-0.43742621755129535,0.7628921532293425,1.2003183707806377,1.4689024056149038,1.4689024056149038,1.0413099900084025e-62,7.443959252897904e-62
PE_map_Correlation1_tissue_T1,-0.4352157502733158,0.7590369930361994,1.1942527433095154,1.4578038591662459,1.4578038591662459,2.034842716796716e-51,1.0657740566192701e-50
PE_map_Correlation2_tissue_T1,-0.4352157502733158,0.7590369930361994,1.1942527433095154,1.4578038591662459,1.4578038591662459,2.034842716796716e-51,1.0657740566192701e-50
Ratio_Tissue_vol_enhancing_more_than_70percent_from_PostCon_to_Tissue_Vol,0.4328202922711085,-0.7548592002109217,-1.1876794924820302,-1.445870281419199,1.445870281419199,7.164674558445131e-97,1.0243548220047228e-95
Grouping_based_mean_of_peak_enhancement_slope_3D_tissue_T1_Group_3,0.4309509449421642,-0.7515989694527034,-1.1825499143948677,-1.4366242745541997,1.4366242745541997,4.5635823583404226e-86,4.828270135124167e-85
PE_map_difference_entropy_tissue_PostCon,-0.42940351710816327,0.7489001816231659,1.1783036987313291,1.4290140272796412,1.4290140272796412,9.388974266850289e-48,4.598858691818336e-47
Ratio_Tissue_vol_enhancing_more_than_40percent_from_T1_to_Tissue_Vol,0.42680671915157037,-0.7443712423298218,-1.1711779614813922,-1.4163301546544087,1.4163301546544087,3.239752744216725e-77,2.8563820028177456e-76
SER_map_inverse_difference_moment_normalized_tissue_T1,0.42336086924919886,-0.7383615160116485,-1.1617223852608474,-1.3996645197232525,1.3996645197232525,3.8777860238684645e-43,1.7684041436434635e-42
Grouping_based_mean_of_washin_slope_3D_tissue_T1_Group_3,0.4222707722866977,-0.7364603350000147,-1.1587311072867124,-1.3944308856931718,1.3944308856931718,1.0730658311874012e-85,1.1130427935257553e-84
Ratio_Tissue_vol_enhancing_more_than_60percent_from_PostCon_to_Tissue_Vol,0.42215462479533356,-0.7362577682442416,-1.158412393039575,-1.3938743324773193,1.3938743324773193,2.0121911361229127e-87,2.172345124508206e-86
SER_map_Contrast_tissue_T1,-0.4214051169805022,0.7349505909243284,1.1563557079048306,1.390287828960222,1.390287828960222,1.0335897378404164e-42,4.6732390710904297e-42
WashinRate_map_mean_tissue_T1,0.42074199792865097,-0.733794079720802,-1.1545360776494529,-1.3871218599093293,1.3871218599093293,2.2141734451599647e-103,3.778379846740714e-102
PE_map_std_dev_tissue_PostCon,0.4182454311151848,-0.729439948313983,-1.1476853794291677,-1.375261977256846,1.375261977256846,4.171709009803716e-102,6.896356456831768e-101
PE_map_Max_Probability_tissue_T1,0.41674189685127727,-0.7268177129608587,-1.1435596098121361,-1.3681643953560154,1.3681643953560154,2.1673332141497836e-61,1.451290215550931e-60
Ratio_Tissue_vol_enhancing_more_than_100percent_from_T1_to_Breast_Vol,0.4092787627641588,-0.7138016517255862,-1.123080414489745,-1.3334195063024337,1.3334195063024337,4.6347105967509894e-94,5.837528346860175e-93
PE_map_Energy_tissue_T1,0.4068615647483791,-0.7095859432813989,-1.116447508029778,-1.322334560502816,1.322334560502816,1.3142044604519574e-68,1.0075567530131673e-67
Grouping_based_variance_of_washin_slope_3D_tissue_T1_Group_2,0.40665115962460346,-0.7092189867262428,-1.1158701463508462,-1.3213734717783918,1.3213734717783918,5.154408934426696e-97,7.574117573088117e-96
Ratio_Tissue_vol_enhancing_more_than_50percent_from_PostCon_to_Tissue_Vol,0.4060100181964121,-0.7081008055449338,-1.114110823741346,-1.3184485884797785,1.3184485884797785,8.279073915106897e-76,7.063919517889595e-75
Ratio_Tissue_vol_enhancing_more_than_90percent_from_T1_to_Breast_Vol,0.4007065638019356,-0.6988513285355185,-1.099557892337454,-1.2944660192196196,1.2944660192196196,9.857506973720545e-89,1.1336133019778627e-87
WashinRate_map_mean_tissue_PostCon,0.40063949101487273,-0.6987343504009389,-1.0993738414158116,-1.294165095552823,1.294165095552823,3.1003998014022644e-94,4.0002719388824335e-93
PE_map_skewness_tissue_T1,0.3996876270995055,-0.6970742544056854,-1.096761881505191,-1.2899008548090858,1.2899008548090858,6.352353723472186e-73,5.333960507486962e-72
Grouping_based_variance_of_washout_slope_3D_tissue_T1_Group_2,0.397680930612285,-0.6935744801749968,-1.0912554107872818,-1.280949484287817,1.280949484287817,5.1997740429172325e-93,6.396931322565619e-92
"F1_DT_POSTCON (T11=0.02,T12=0.8)",-0.39748107162789453,0.6932259165891255,1.09070698821702,1.2800607937804098,1.2800607937804098,2.776772498829657e-54,1.596644186827053e-53
Ratio_Tissue_vol_enhancing_more_than_80percent_from_T1_to_Breast_Vol,0.3932184244280056,-0.6857916568893193,-1.079010081317325,-1.2612267418627032,1.2612267418627032,5.2296344872298855e-84,5.320147391816557e-83
Grouping_based_variance_of_peak_enhancement_slope_3D_tissue_T1_Group_2,0.3917412666303223,-0.6832154233493121,-1.0749566899796343,-1.2547528816945497,1.2547528816945497,8.98712223499403e-90,1.0564861471804094e-88
Ratio_Tissue_vol_enhancing_more_than_70percent_from_T1_to_Breast_Vol,0.3817434677482129,-0.6657787860132522,-1.047522253761465,-1.211624134374758,1.211624134374758,2.4943520571488097e-77,2.2364614207317296e-76
SER_map_information_measure_correlation2_tissue_PostCon,-0.38048621331399035,0.6635860744107093,1.0440722877246995,1.2062828914532715,1.2062828914532715,2.6774153748690056e-48,1.3236941432763589e-47
PE_map_sum_average_tissue_T1,-0.37806626786950176,0.6593655743200236,1.0374318421895254,1.1960522619215985,1.1960522619215985,1.231539146900284e-32,4.935486429623108e-32
Ratio_Tissue_vol_enhancing_more_than_40percent_from_PostCon_to_Tissue_Vol,0.37780337852086804,-0.6589070827774672,-1.0367104612983353,-1.194944799176733,1.194944799176733,1.0894360685950236e-60,7.203896003584593e-60
PE_map_mean_tissue_PostCon,0.3752757002216573,-0.6544986914580097,-1.029774391679667,-1.1843354396733188,1.1843354396733188,5.149198157031734e-78,4.6964238363272195e-77
Peak_PE_tissue_T1,0.3750593228919406,-0.6541213190913011,-1.0291806419832417,-1.1834304947300376,1.1834304947300376,4.979610879019462e-82,4.789480281820538e-81
PE_map_inverse_difference_normalized_tissue_T1,0.37474477357554814,-0.6535727301049918,-1.0283175036805399,-1.1821158772334057,1.1821158772334057,7.355727529335694e-33,3.016418498464017e-32
Ratio_Tissue_vol_enhancing_more_than_30percent_from_T1_to_Tissue_Vol,0.37422059297157173,-0.6526585341706579,-1.0268791271422297,-1.1799275168593173,1.1799275168593173,1.0300795048001484e-55,6.192182477719074e-55
WashinRate_map_std_dev_tumor,0.37259825759675086,-0.6498291040229044,-1.0224273616196553,-1.173173328127053,1.173173328127053,1.7179910999440957e-76,1.4898644129023387e-75
PE_map_Dissimilarity_tissue_T1,-0.3715711650789967,0.6480378057627741,1.0196089708417708,1.1689118453117835,1.1689118453117835,2.867427388399091e-32,1.1405030740324204e-31
Peak_PE_tissue_PostCon,0.3672879897016157,-0.6405677439438894,-1.007855733645505,-1.1512603994833197,1.1512603994833197,1.9109263267805829e-78,1.7734737313454884e-77
"F1_DT_T1NFS (T11=0.02,T12=0.8)",-0.36706271732534745,0.6401748581924216,1.007237575517769,1.150337306638344,1.150337306638344,5.985468001686846e-41,2.6833157397392727e-40
PE_map_sum_average_tissue_PostCon,-0.3668356317687893,0.6397788101681859,1.0066144419369754,1.1494073121779447,1.1494073121779447,1.1420183154538665e-30,4.442115359375701e-30
Ratio_Tissue_vol_enhancing_more_than_60percent_from_T1_to_Breast_Vol,0.3666670071828143,-0.6394847208605031,-1.0061517280433174,-1.148717078374731,1.148717078374731,2.7360516514592985e-69,2.1929868539726803e-68
PE_map_information_measure_correlation2_tissue_T1,-0.3650965220995009,0.6367457200902,1.0018422421897009,1.1423025466119707,1.1423025466119707,1.6344655641293151e-47,7.860293485676434e-47
"F1_DT_POSTCON (T11=0.05,T12=0.8)",-0.36353450697632056,0.6340214913337018,0.9975559983100224,1.1359474316310794,1.1359474316310794,1.6668921959566311e-59,1.0623927369410336e-58
Grouping_based_mean_of_peak_enhancement_slope_3D_tissue_PostCon_Group_2,0.35502595218010097,-0.619182166599819,-0.9742081187799199,-1.1017533719541501,1.1017533719541501,3.24232592320634e-69,2.5599856916062e-68
Ratio_Tissue_vol_enhancing_more_than_100percent_from_PostCon_to_Breast_Vol,0.350080532458303,-0.6105571191088259,-0.9606376515671289,-1.0821964773464516,1.0821964773464516,2.4839005044731664e-62,1.7064719050211755e-61
PE_map_inverse_difference_normalized_tissue_PostCon,0.3485399346388453,-0.6078702431498999,-0.9564101777887453,-1.076150225912759,1.076150225912759,7.417052131771959e-28,2.7059452260050803e-27
Ratio_Tissue_vol_enhancing_more_than_50percent_from_T1_to_Breast_Vol,0.3468821339235678,-0.6049789597595555,-0.9518610936831233,-1.0696680242602326,1.0696680242602326,6.886428742236898e-60,4.442586347125999e-59
"F1_DT_POSTCON (T11=0.05,T12=0.5)",-0.3453009657731639,0.6022213272115295,0.9475222929846934,1.0635084241130162,1.0635084241130162,2.522845415722838e-40,1.1215001890062027e-39
"F1_DT_T1NFS (T11=0.05,T12=0.8)",-0.3437888866076998,0.599584189143191,0.9433730757508908,1.0576387135163678,1.0576387135163678,1.922330157990974e-47,9.079577264082369e-47
SER_map_inverse_difference_moment_normalized_tissue_PostCon,0.3436308146878684,-0.5993085041866787,-0.9429393188745471,-1.0570262597642097,1.0570262597642097,7.606612624520911e-28,2.756094574227097e-27
PE_map_Dissimilarity_tissue_PostCon,-0.343297236051211,0.598726727160743,0.942023963211954,1.0557345196682615,1.0557345196682615,5.329938700923261e-27,1.8923070958311442e-26
SER_map_Contrast_tissue_PostCon,-0.340897586329106,0.5945416237763574,0.9354392101054634,1.0464707555016726,1.0464707555016726,2.0943389047131676e-27,7.485846490495038e-27
Grouping_based_mean_of_washin_slope_3D_tissue_PostCon_Group_2,0.33747761426148887,-0.58857702963462,-0.9260546438961088,-1.0333535906816567,1.0333535906816567,2.3725328679963847e-62,1.6581299886414187e-61
WashinRate_map_mean_tumor,0.33743885015570924,-0.5885094231882311,-0.9259482733439404,-1.0332054811603486,1.0332054811603486,2.382190531885592e-62,1.6581299886414187e-61
Ratio_Tissue_vol_enhancing_more_than_30percent_from_PostCon_to_Tissue_Vol,0.33699290127870773,-0.5877316671110804,-0.9247245683897881,-1.0315025128630064,1.0315025128630064,1.2783220176418004e-44,5.931862695899232e-44
Ratio_Tissue_vol_enhancing_more_than_90percent_from_PostCon_to_Breast_Vol,0.3348068638598837,-0.5839191137556308,-0.9187259776155144,-1.0231786273106627,1.0231786273106627,4.506085761287543e-55,2.678336368225967e-54
"F1_DT_POSTCON (T11=0.1,T12=0.5)",-0.3302806325466226,0.5760251508104797,0.9063057833571022,1.0060688743477921,1.0060688743477921,2.472052737437802e-44,1.137144259221389e-43
SER_map_kurtosis_tissue_T1,0.3289507370478926,-0.5737057497323366,-0.9026564867802291,-1.0010731759623441,1.0010731759623441,1.1327739733858579e-61,7.682531178475883e-61
Grouping_based_variance_of_washin_slope_3D_tissue_T1_Group_3,0.3263025300807706,-0.569087150676582,-0.8953896807573526,-0.9911670921253929,0.9911670921253929,2.1443363428485975e-60,1.4004369448974176e-59
Grouping_based_mean_of_washout_slope_3D_tissue_PostCon_Group_2,0.3241190339799205,-0.5652790295006945,-0.889398063480615,-0.9830406387323666,0.9830406387323666,3.0830910381704243e-53,1.698911624158494e-52
"F1_DT_T1NFS (T11=0.05,T12=0.5)",-0.32347089806121093,0.5641486495948497,0.8876195476560607,0.9806355294909931,0.9806355294909931,1.6829946479748775e-33,7.010269045501656e-33
SER_map_Cluster_Prominence_tissue_T1,-0.31740399318727686,0.5535676785944769,0.8709716717817537,0.9582769516982749,0.9582769516982749,5.1922045551149736e-24,1.6811072845002654e-23
"F1_DT_T1NFS (T11=0.1,T12=0.5)",-0.31671160672719756,0.5523601236373143,0.8690717303645119,0.9557427464703198,0.9557427464703198,4.003374540435541e-39,1.764820943242001e-38
Ratio_Tissue_vol_enhancing_more_than_80percent_from_PostCon_to_Breast_Vol,0.3166727944954166,-0.5522924332568869,-0.8689652277523034,-0.9556007941191651,0.9556007941191651,1.9144218761219346e-47,9.079577264082369e-47
Ratio_Tissue_vol_enhancing_more_than_40percent_from_T1_to_Breast_Vol,0.3164684784073027,-0.5519360962698783,-0.8684045746771809,-0.9548537081984088,0.9548537081984088,1.0660059760040485e-47,5.173551938588456e-47
Grouping_based_mean_of_peak_enhancement_slope_3D_tissue_PostCon_Group_3,0.3142152688980346,-0.548006391590025,-0.8622216604880595,-0.9466350184161485,0.9466350184161485,2.1854285301113347e-53,1.2298847791796767e-52
"F1_DT_POSTCON (T11=0.02,T12=0.5)",-0.308657700943341,0.5383137284309464,0.8469714293742874,0.9265192894266906,0.9265192894266906,1.1459053888603293e-27,4.123700344946355e-27
Grouping_based_variance_of_peak_enhancement_slope_3D_tissue_T1_Group_3,0.30472022451642866,-0.531446582043533,-0.8361668065599617,-0.9123983129274064,0.9123983129274064,5.327589587220513e-53,2.9054586511748982e-52
Correlation1_tissue_T1,0.2987649433324273,-0.5210602880738171,-0.8198252314062444,-0.8912402518573105,0.8912402518573105,9.970963999511956e-33,4.026442714306736e-32
Correlation2_tissue_T1,0.2987649433324273,-0.5210602880738171,-0.8198252314062444,-0.8912402518573105,0.8912402518573105,9.970963999511956e-33,4.026442714306736e-32
Contrast_tissue_T1,-0.29761276580887325,0.5190508356071417,0.8166636014160149,0.8871738306207011,0.8871738306207011,4.6968381889491e-26,1.5927098730474832e-25
inverse_difference_moment_normalized_tissue_T1,0.2972353759939379,-0.5183926497989614,-0.8156280257928993,-0.8858437723845942,0.8858437723845942,3.654026574446956e-26,1.2470839083112513e-25
Grouping_based_variance_of_washin_slope_3D_tissue_T1_Group_1,0.2935316894698546,-0.5119332441349252,-0.8054649336047799,-0.872839245542008,0.872839245542008,7.785447043923562e-52,4.1601025113490546e-51
Grouping_based_variance_of_peak_enhancement_slope_3D_tissue_T1_Group_1,0.2935316894698546,-0.5119332441349252,-0.8054649336047799,-0.872839245542008,0.872839245542008,7.785447043923562e-52,4.1601025113490546e-51
Grouping_based_mean_of_washin_slope_3D_tissue_PostCon_Group_3,0.2902803774837174,-0.5062628012067207,-0.7965431786904381,-0.8614946975672781,0.8614946975672781,1.3900171173017688e-45,6.507248274802086e-45
Ratio_Tissue_vol_enhancing_more_than_70percent_from_PostCon_to_Breast_Vol,0.2900486255536933,-0.5058586148049539,-0.7959072403586471,-0.8606885799907995,0.8606885799907995,4.1639937133088893e-38,1.805534978967543e-37
Grouping_based_variance_of_washout_slope_3D_tissue_T1_Group_1,0.28962088568676636,-0.5051126161084676,-0.7947335017952339,-0.8592016170391417,0.8592016170391417,1.2487155246159944e-50,6.351639543479433e-50
Ratio_Tissue_vol_enhancing_more_than_20percent_from_T1_to_Tissue_Vol,0.28907147190883936,-0.5041544123172029,-0.7932258842260422,-0.857293331277051,0.857293331277051,1.2625319355393762e-31,4.984174581345747e-31
SER_map_Correlation1_tissue_T1,-0.28636390106014703,0.49943227982513716,0.7857961808852842,0.8479160684809078,0.8479160684809078,3.1071455676890556e-25,1.0337612116611989e-24
SER_map_Correlation2_tissue_T1,-0.28636390065937495,0.49943227912617133,0.7857961797855463,0.8479160670961905,0.8479160670961905,3.1071461749363066e-25,1.0337612116611989e-24
PE_map_skewness_tissue_PostCon,0.28536781739616784,-0.49769506248260226,-0.7830628798787701,-0.8444774666669362,0.8444774666669362,2.5009660896110695e-35,1.0669444043582709e-34
PE_map_information_measure_correlation2_tissue_PostCon,-0.2828370950942677,0.49328136227750263,0.7761184573717703,0.8357678050209322,0.8357678050209322,2.5982912094708234e-28,9.611860488182275e-28
"F1_DT_T1NFS (T11=0.02,T12=0.5)",-0.280857733331778,0.4898292611083991,0.7706869944401771,0.8289820825687187,0.8289820825687187,1.8208034066490332e-22,5.802439771791196e-22
Ratio_Tissue_vol_enhancing_more_than_20percent_from_PostCon_to_Tissue_Vol,0.27920542547341826,-0.48694755752209434,-0.7661529829955126,-0.8233350873457232,0.8233350873457232,1.1342288192829677e-28,4.225401728173872e-28
breastDensity_PostCon,-0.27843105879014174,0.4855970251518537,0.7640280839419955,0.820694011590817,0.820694011590817,1.400516108001076e-24,4.630456382078558e-24
Ratio_Tissue_vol_enhancing_more_than_30percent_from_T1_to_Breast_Vol,0.27667481107072345,-0.4825340454983448,-0.7592088565690682,-0.8147168384471173,0.8147168384471173,7.521777618845972e-35,3.1832162882956153e-34
SER_map_Correlation2_tissue_PostCon,-0.2752174184153643,0.4799922833077486,0.755209701723113,0.8097700856553518,0.8097700856553518,3.185865830147137e-26,1.0943659419096533e-25
SER_map_Correlation1_tissue_PostCon,-0.27521741767715485,0.47999228202027655,0.7552096996974313,0.8097700831527211,0.8097700831527211,3.1858668252190284e-26,1.0943659419096533e-25
"F1_DT_POSTCON (T11=0.1,T12=0.8)",-0.2719239423518317,0.47424830422075576,0.7461722465725875,0.7986350434175483,0.7986350434175483,1.991872853289341e-38,8.708270573471582e-38
Ratio_Tissue_vol_enhancing_more_than_0percent_from_PostCon_to_Breast_Vol,-0.27088416271031246,0.47243487901262865,0.7433190417229412,0.79513207899287,0.79513207899287,1.3602275511574303e-23,4.360971967044125e-23
PE_map_inverse_difference_moment_normalized_tissue_T1,0.2683241941655086,-0.46797017196894625,-0.7362943661344549,-0.7865328025490689,0.7865328025490689,6.220926919627954e-17,1.8081705167490044e-16
PE_map_Contrast_tissue_T1,-0.2677156417969808,0.4669088276578296,0.7346244694548104,0.7844938043399936,0.7844938043399936,5.959748460004466e-17,1.7418270361007526e-16
SER_Total_tissue_vol_cu_mm_T1,0.26260523718891865,-0.45799603866876853,-0.7206012758576872,-0.767448623543354,0.767448623543354,2.0050575894603374e-33,8.28652706894155e-33
"F1_DT_T1NFS (T11=0.1,T12=0.8)",-0.26015706743604566,0.4537263140402463,0.7138833814762919,0.7593313091019122,0.7593313091019122,8.125524677647008e-34,3.411430598789895e-33
Ratio_Tissue_vol_enhancing_more_than_60percent_from_PostCon_to_Breast_Vol,0.2537427109305547,-0.442539370849122,-0.6962820817796767,-0.7382074009688906,0.7382074009688906,5.716154607371664e-28,2.0998929078469517e-27
Dissimilarity_tissue_T1,-0.24689252929119004,0.4305923278709449,0.677484857162135,0.7158707263888301,0.7158707263888301,1.5374491391999728e-19,4.78417996845168e-19
"F1_DT_POSTCON (T11=0.2,T12=0.5)",-0.24556741295797366,0.4282812618850378,0.6738486748430115,0.7115755713541708,0.7115755713541708,1.0418433598234031e-29,3.965000988104894e-29
SER_map_kurtosis_tissue_PostCon,0.24420517134595757,-0.4259054476450332,-0.6701106189909908,-0.7071685907798443,0.7071685907798443,2.7710623000625312e-36,1.1917820786447797e-35
SER_map_information_measure_correlation2_tumor,-0.2436562836680502,0.4249481613972542,0.6686044450653044,0.7053953087744792,0.7053953087744792,1.894397709320046e-25,6.383034319938244e-25
Sum_of_Squares_variance_tissue_T1,-0.24290741902949406,0.4236421058073921,0.6665495248368861,0.7029781952746564,0.7029781952746564,1.0308427494458769e-18,3.133998933660166e-18
sum_average_tissue_T1,-0.23793580108849807,0.41497136737458445,0.6529071684630825,0.6869956849906479,0.6869956849906479,7.736145102690561e-19,2.3655611325568247e-18
difference_entropy_tissue_T1,-0.23780399462446453,0.4147414906248117,0.6525454852492762,0.6865734641766237,0.6865734641766237,3.4893144731462017e-19,1.0794428984177432e-18
inverse_difference_normalized_tissue_T1,0.2356646447894609,-0.4110103626387539,-0.6466750074282148,-0.6797310956415651,0.6797310956415651,3.974391164222181e-18,1.1878265117929571e-17
SER_map_Energy_tumor,0.23470195072285976,-0.4093313783440351,-0.6440333290668949,-0.6766585997276301,0.6766585997276301,6.941553429657862e-30,2.6609288147021807e-29
tissueVol_PostCon,-0.2339856858062391,0.4080821782215957,0.6420678640278348,0.6743752039826045,0.6743752039826045,5.721628924289303e-16,1.6099689898665113e-15
PE_map_Sum_of_Squares_variance_tissue_PostCon,-0.2324552697926921,0.40541305981701675,0.6378683296097089,0.6695037603271872,0.6695037603271872,1.0551238751544817e-12,2.6328326884750983e-12
Peak_SER_tumor,0.23133202351052287,-0.4034540648129954,-0.6347860883235182,-0.6659347415799325,0.6659347415799325,2.5396485215877188e-31,9.951659762369654e-31
PE_map_Autocorrelation_tissue_PostCon,-0.22944820601456573,0.4001685973944511,0.6296168034090168,0.6599610582911765,0.6599610582911765,2.0932753216339245e-12,5.198791761241061e-12
PE_map_Sum_of_Squares_variance_tissue_T1,-0.22708907276297435,0.39605415666399696,0.6231432294269713,0.6525010553434687,0.6525010553434687,3.5426250600762007e-12,8.716505380373536e-12
SER_map_Max_Probability_tumor,0.22683224047741776,-0.39560622892787733,-0.6224384694052951,-0.6516902966969838,0.6516902966969838,2.879678175372036e-26,1.0022037860340836e-25
Ratio_Tissue_vol_enhancing_more_than_20percent_from_T1_to_Breast_Vol,0.22555410425371067,-0.3933770984901027,-0.6189312027438134,-0.6476595513374944,0.6476595513374944,2.4323604118336753e-22,7.704902142874336e-22
PE_map_Autocorrelation_tissue_T1,-0.22443366441835005,0.39142299806295583,0.6158566624813059,0.6441316043802904,0.6441316043802904,6.397019154574831e-12,1.566677376282447e-11
sum_variance__tissue_T1,-0.2229681185854919,0.3888670163425548,0.6118351349280468,0.6395246864814347,0.6395246864814347,8.507328261576081e-16,2.3686192896703934e-15
"F1_DT_T1NFS (T11=0.2,T12=0.5)",-0.22234702281109706,0.3877837957360197,0.6101308185471167,0.6375748870501303,0.6375748870501303,2.8357565346391814e-24,9.259970412494612e-24
PE_map_kurtosis_tissue_T1,0.2198943621446384,-0.3835062387403515,-0.6034006008849899,-0.6298902739455862,0.6298902739455862,1.264537436430211e-26,4.430068237560143e-26
Grouping_based_variance_of_washout_slope_3D_tissue_PostCon_Group_1,0.21963551951502377,-0.38305480486846444,-0.6026903243834882,-0.6290806609977694,0.6290806609977694,2.6009194706420437e-30,1.0042966423136068e-29
Autocorrelation_tissue_T1,-0.21891717801468583,0.3818019830851366,0.6007191610998224,0.6268351944607051,0.6268351944607051,1.5077743114829554e-15,4.175982255363787e-15
PE_map_inverse_difference_moment_normalized_tissue_PostCon,0.2173068151128334,-0.3789934335010635,-0.5963002486138969,-0.6218086626807295,0.6218086626807295,2.6797328734680555e-11,6.414383212961998e-11
SER_map_Cluster_Prominence_tissue_PostCon,-0.21717747805642632,0.3787678635150769,0.5959453415715033,0.621405390508816,0.621405390508816,1.044887914185645e-11,2.535530764239478e-11
EnhancementClusterDiscontinuity_Tumor,-0.21711528383137466,0.37865939382495695,0.5957746776563316,0.6212114922810775,0.6212114922810775,3.626156979608872e-16,1.0257952097396222e-15
WashinRate_map_Max_Probability_tissue_PostCon,-0.2166053490991367,0.37777004336932785,0.5943753924684645,0.6196222696823934,0.6196222696823934,2.5158332768565384e-17,7.393754463650606e-17
PE_map_sum_variance__tissue_PostCon,-0.21597256457658912,0.37666643702940833,0.5926390016059975,0.6176515730284757,0.6176515730284757,3.940074103835984e-11,9.346633188023477e-11
Grouping_based_variance_of_washin_slope_3D_tissue_PostCon_Group_1,0.21502841240296153,-0.3750197906789746,-0.5900482030819362,-0.6147140250285926,0.6147140250285926,4.6718651276092533e-29,1.7527777677342518e-28
Grouping_based_variance_of_peak_enhancement_slope_3D_tissue_PostCon_Group_1,0.21502841240296153,-0.3750197906789746,-0.5900482030819362,-0.6147140250285926,0.6147140250285926,4.6718651276092533e-29,1.7527777677342518e-28
PE_map_sum_variance__tissue_T1,-0.21157576606211928,0.36899821104881536,0.5805739771109346,0.6040005016834162,0.6040005016834162,9.881848473926238e-11,2.272825149003035e-10
PE_map_information_measure_correlation1_tissue_PostCon,-0.209372961862585,0.36515641562938955,0.5745293774919745,0.5971884499903454,0.5971884499903454,2.187143088324397e-18,6.57385621433867e-18
PE_map_Contrast_tissue_PostCon,-0.2088274510200747,0.36420501874334466,0.5730324697634194,0.5955042438585946,0.5955042438585946,1.545029367854414e-10,3.5229333430818315e-10
Grouping_based_variance_of_washout_slope_3D_tissue_PostCon_Group_2,0.20647257396179355,-0.3600980010166993,-0.5665705749784928,-0.5882462275161247,0.5882462275161247,5.805430729559473e-27,2.0473819039579743e-26
Ratio_Tissue_vol_enhancing_more_than_50percent_from_PostCon_to_Breast_Vol,0.20410846424642337,-0.35597488109644104,-0.5600833453428644,-0.5809797918610173,0.5809797918610173,1.1865589651290511e-17,3.5263465873779104e-17
Ratio_Tissue_vol_enhancing_more_than_10percent_from_PostCon_to_Breast_Vol,-0.20116077549184477,0.35083397154232376,0.5519947470341685,0.5719472776836059,0.5719472776836059,6.98549213634309e-14,1.8384703184703952e-13
Grouping_based_variance_of_washin_slope_3D_tissue_PostCon_Group_2,0.19715175919222264,-0.3438420562102455,-0.5409938154024682,-0.5597107616883115,0.5597107616883115,1.5573107055983608e-24,5.116878032680328e-24
Grouping_based_variance_of_peak_enhancement_slope_3D_tissue_PostCon_Group_2,0.19564869429547682,-0.34122063945580183,-0.5368693337512787,-0.5551370742520065,0.5551370742520065,5.211750371607629e-24,1.6811072845002654e-23
PE_map_Cluster_Shade_tissue_T1,-0.19534834124644393,0.3406968094357625,0.5360451506822065,0.5542240334407746,0.5542240334407746,1.1647496598376622e-09,2.464610280216493e-09
SER_map_inverse_difference_is_homom_tumor,0.1936070117436456,-0.33765984786242925,-0.5312668596060749,-0.5489364762136646,0.5489364762136646,1.2337541919801933e-16,3.508903051384528e-16
SER_map_Homogeneity1_tumor,0.1936070117436456,-0.33765984786242925,-0.5312668596060749,-0.5489364762136646,0.5489364762136646,1.2337541919801933e-16,3.508903051384528e-16
Mean_norm_DHOG_max_timepoint_binsize_2_without_filling_Tumor,0.19355211896256566,-0.33756411223829236,-0.531116231200858,-0.5487699566945735,0.5487699566945735,1.2318860965517432e-13,3.2260779459201596e-13
SER_map_Homogeneity2_tumor,0.19334130461043783,-0.3371964419693946,-0.5305377465798324,-0.5481305346668603,0.5481305346668603,9.607565760535211e-17,2.762175156153873e-16
Ratio_Tissue_vol_enhancing_more_than_10percent_from_PostCon_to_Tissue_Vol,0.19330395789217192,-0.33713130751432313,-0.530435265406495,-0.5480172733699487,0.5480172733699487,1.4220266441386399e-13,3.6875102683791197e-13
SER_map_Cluster_Shade_tissue_T1,-0.1915069341782397,0.3339972125846681,0.5255041467629078,0.542572829840077,0.542572829840077,4.2935029034250255e-11,1.0139567124606422e-10
SER_map_sum_entropy_tumor,-0.19007190013668313,0.3314944448812386,0.5215663450179218,0.5382326268388334,0.5382326268388334,8.125925550064276e-16,2.2743992677164033e-15
SER_Total_tissue_vol_cu_mm_PostCon,0.18932373283503362,-0.3301896054801485,-0.5195133383151821,-0.5359724486495934,0.5359724486495934,2.43156610988047e-17,7.186024983948427e-17
WashinRate_map_Cluster_Prominence_tumor,-0.1890780322020198,0.3297610918761419,0.5188391240781617,0.5352305886462528,0.5352305886462528,5.868280926030321e-13,1.4924618316682886e-12
Mean_norm_DHOG_max_timepoint_binsize_2_with_filling_Tumor,0.18795591968162945,-0.3278040742066421,-0.5157599938882715,-0.5318449602436318,0.5318449602436318,7.138145049010275e-13,1.8067362348930313e-12
SER_map_std_dev_tumor,0.18491292282570712,-0.3224969427853108,-0.507409865611018,-0.5226835918269659,0.5226835918269659,2.8120612400595524e-20,8.854645214235139e-20
SER_map_difference_entropy_tumor,-0.18387993786032122,0.32069536781591745,0.5045753056762387,0.5195801876387327,0.5195801876387327,2.573603895352407e-14,6.910844977875244e-14
WashinRate_map_Entropy_tissue_PostCon,0.17872115975493763,-0.3116982131440314,-0.49041937289896903,-0.5041301839518438,0.5041301839518438,1.0140746686214237e-12,2.54239573317883e-12
SER_Partial_tissue_vol_cu_mm_PostCon,-0.17834666318229406,0.31104507328816755,0.48939173647046164,0.5030117061452246,0.5030117061452246,1.525464086580295e-10,3.493378795675221e-10
PE_map_inverse_difference_is_homom_tumor,0.1783464563379921,-0.3110447125418559,-0.489391168879848,-0.5030110884949558,0.5030110884949558,2.6791844094612304e-15,7.305611095902015e-15
PE_map_Homogeneity1_tumor,0.1783464563379921,-0.3110447125418559,-0.489391168879848,-0.5030110884949558,0.5030110884949558,2.6791844094612304e-15,7.305611095902015e-15
PE_map_sum_entropy_tumor,-0.17632963864909434,0.3075272864534798,0.48385692510257416,0.4969947134866973,0.4969947134866973,3.2140338674871506e-14,8.586989474245973e-14
PE_map_difference_entropy_tumor,-0.1754782861327908,0.3060424871244504,0.4815207732572412,0.49445860057202834,0.49445860057202834,1.249962065811661e-13,3.2572903094303876e-13
PE_map_Homogeneity2_tumor,0.17476878573423957,-0.3048050846436439,-0.47957387037788346,-0.49234665434192737,0.49234665434192737,4.616017217980924e-15,1.2522426196471326e-14
Grouping_based_variance_of_washin_slope_3D_tissue_PostCon_Group_3,0.17428361470655523,-0.3039589232679803,-0.47824253797453553,-0.49090329528052573,0.49090329528052573,1.2024116283304946e-19,3.763761842525631e-19
PE_map_inverse_difference_normalized_tumor,0.17412116357389051,-0.30367560075684386,-0.47779676433073437,-0.49042016221498186,0.49042016221498186,2.2692228044797334e-11,5.456449379862632e-11
Peak_PE_tumor,0.1735868523165785,-0.3027437364806993,-0.4763305887972778,-0.48883164133408835,0.48883164133408835,4.590547428533922e-19,1.4118602265665378e-18
SER_map_Entropy_tumor,-0.17335835979923658,0.30234523464985846,0.47570359444909505,0.4881525757915171,0.4881525757915171,1.9994360356926966e-13,5.134474091657458e-13
PE_map_Dissimilarity_tumor,-0.1727697863101409,0.3013187344575672,0.4740885207677081,0.4864040553568097,0.4864040553568097,6.216154383573551e-11,1.4550202074824816e-10
PE_map_Cluster_Prominence_tissue_T1,-0.17151251517544064,0.29912599372859605,0.4706385089040367,0.48267226441886696,0.48267226441886696,6.193643774609681e-08,1.166423793422137e-07
PE_map_Max_Probability_tumor,0.1703603180301903,-0.2971165070407484,-0.4674768250709387,-0.4792562465689639,0.4792562465689639,7.676625885519364e-17,2.2190902149943954e-16
Grouping_based_variance_of_peak_enhancement_slope_3D_tissue_PostCon_Group_3,0.1692862947354985,-0.29524335927083956,-0.46452965400633806,-0.47607532405780595,0.47607532405780595,1.643508295150405e-18,4.968090789340367e-18
WashinRate_map_information_measure_correlation1_tumor,0.16833848824854594,-0.2935903396239536,-0.46192882787249956,-0.47327086164476323,0.47327086164476323,2.800261284340494e-10,6.303566891132431e-10
globalMoransIEnhancementVarianceMap_Tumor,-0.16679676721235373,0.2909015047215456,0.45769827193389934,0.4687143181305284,0.4687143181305284,2.359618308663961e-10,5.357245001215603e-10
Mean_norm_DLBP_max_timepoint_binsize_8_without_filling_Tumor,0.1649945519613739,-0.2877583555040643,-0.45275290746543817,-0.46339604341279594,0.46339604341279594,3.510081501152634e-10,7.834738878100184e-10
Mean_norm_DLBP_max_timepoint_binsize_16_without_filling_Tumor,0.1635357350435,-0.2852141093318205,-0.4487498443753205,-0.4590974871798299,0.4590974871798299,6.107691563652154e-10,1.3406509697809085e-09
Grouping_based_mean_of_washin_slope_3D_tumor_Group_1,0.1625629192528213,-0.2835174722683142,-0.4460803915211355,-0.4562341137109453,0.4562341137109453,4.106696461459706e-14,1.0862212140560923e-13
Grouping_based_mean_of_peak_enhancement_slope_3D_tumor_Group_1,0.1625629192528213,-0.2835174722683142,-0.4460803915211355,-0.4562341137109453,0.4562341137109453,4.106696461459706e-14,1.0862212140560923e-13
Mean_norm_DLBP_max_timepoint_binsize_64_without_filling_Tumor,0.16247357936249046,-0.28336165924529616,-0.4458352386077866,-0.4559712765760271,0.4559712765760271,8.538059089883186e-10,1.8663773795653743e-09
Ratio_Tissue_vol_enhancing_more_than_10percent_from_T1_to_Breast_Vol,0.1621983656154804,-0.28288167336509384,-0.44508003898057424,-0.45516173171314905,0.45516173171314905,1.3864294954627994e-11,3.3489552652959857e-11
PE_map_sum_average_tumor,-0.16180484172011006,0.2821953489523346,0.4440001906724447,0.45400452010859466,0.45400452010859466,4.756551130424041e-10,1.0484231449976324e-09
Mean_norm_DLBP_max_timepoint_binsize_128_without_filling_Tumor,0.1617448325123961,-0.2820906900365002,-0.44383552254889636,-0.4538280902310142,0.4538280902310142,1.0338896492250949e-09,2.2232830261791674e-09
Mean_norm_DLBP_max_timepoint_binsize_256_without_filling_Tumor,0.16157884354981614,-0.28180119738152265,-0.44338004093133876,-0.4533401238014578,0.4533401238014578,1.0840303621057572e-09,2.3123066998142967e-09
PE_map_mean_tumor,0.16115273090430496,-0.28105803663667456,-0.44221076754097954,-0.45208778641890685,0.45208778641890685,2.1555182998068684e-14,5.817699901009355e-14
PE_map_Entropy_tumor,-0.1610446220651827,0.28086948967320635,0.441914111738389,0.45177013149111067,0.45177013149111067,3.20749477997437e-12,7.928807189749728e-12
PE_map_Energy_tumor,0.16103305707945584,-0.2808493197873843,-0.4418823768668402,-0.451736152024687,0.451736152024687,2.212754644278913e-15,6.0966000355392966e-15
EnhancementClusterNeighborhoodSimilarity_Tumor,-0.1608825336420365,0.28058679974474193,0.4414693333867784,0.4512939257611796,0.4512939257611796,2.7244097555022198e-11,6.49194937234538e-11
PE_map_information_measure_correlation2_tumor,-0.160692464548269,0.2802553101943025,0.4409477747425715,0.450735601223048,0.450735601223048,2.63773172101464e-10,5.963077266738225e-10
Mean_norm_DLBP_max_timepoint_binsize_33_without_filling_Tumor,0.1606510054884908,-0.28018300361981036,-0.4408340091083012,-0.450613828398092,0.450613828398092,1.2880711016001214e-09,2.7146996523763514e-09
SER_map_information_measure_correlation1_tissue_T1,0.15983243134684327,-0.2787553713370542,-0.43858780268389747,-0.44821043491921436,0.44821043491921436,4.8860999468271464e-08,9.30676120306228e-08
Uptake_rate_from_char_curv,0.15904365009229218,-0.2773796992681056,-0.4364233493603977,-0.4458961441612455,0.4458961441612455,8.093330557476255e-13,2.03874850709759e-12
PE_map_inverse_difference_moment_normalized_tumor,0.15864015241218704,-0.2766759800998325,-0.43531613251201956,-0.44471289339859144,0.44471289339859144,9.603003559659926e-09,1.9613856691351742e-08
WashinRate_map_Energy_tissue_PostCon,-0.15780539548858874,0.27522012427474046,0.4330255197633292,0.44226629553345387,0.44226629553345387,8.715582302534436e-10,1.8973428140085254e-09
WashinRate_map_information_measure_correlation2_tumor,-0.15748784782810307,0.27466630603353637,0.43215415386163947,0.4413360550457439,0.4413360550457439,4.6067940774876413e-10,1.0196627895359676e-09
WashinRate_map_Homogeneity2_tissue_PostCon,-0.15731026750267874,0.27435659748979146,0.4316668649924702,0.4408159530279014,0.4408159530279014,1.5278940544677497e-08,3.061575586414544e-08
WashinRate_map_sum_entropy_tissue_PostCon,0.15724540115653662,-0.2742434674932418,-0.4314888686497784,-0.4406259905491425,0.4406259905491425,1.0438637702721346e-09,2.2356434594087417e-09
Mean_norm_DLBP_max_timepoint_binsize_8_with_filling_Tumor,0.15707742696151142,-0.27395051249834984,-0.4310279394598613,-0.4401341237606906,0.4401341237606906,2.600055687980872e-09,5.4580534084995286e-09
SER_map_information_measure_correlation1_tumor,0.1568319595020686,-0.27352240556015506,-0.4303543650622237,-0.43941546657710173,0.43941546657710173,1.146456074601159e-09,2.4356436283695306e-09
PE_map_Cluster_Prominence_tumor,-0.15630362882630602,0.2726009717030219,0.4289046005293279,0.4378691809829965,0.4378691809829965,3.819072470338877e-08,7.346506679306422e-08
PE_map_Contrast_tumor,-0.15622011687683066,0.2724553228863772,0.4286754397632079,0.4376248272969705,0.4376248272969705,2.3231619394059507e-08,4.5685972711737844e-08
Mean_norm_DLBP_max_timepoint_binsize_16_with_filling_Tumor,0.15570534682074086,-0.27155753939569993,-0.4272628862164408,-0.43611900835935613,0.43611900835935613,4.244114943836261e-09,8.83912128066686e-09
WashinRate_map_Contrast_tumor,-0.15519069931081217,0.2706599696313572,0.4258506689421694,0.4346142068919118,0.4346142068919118,8.157418398671319e-09,1.672586950735321e-08
Mean_norm_DLBP_max_timepoint_binsize_64_with_filling_Tumor,0.15476707394337713,-0.2699211468179145,-0.42468822076129165,-0.4333760417825394,0.4333760417825394,5.58422052009711e-09,1.1539268184106918e-08
WashinRate_map_inverse_difference_is_homom_tissue_PostCon,-0.15422729854005587,0.2689797528109318,0.4232070513509877,0.43179903719901425,0.43179903719901425,1.619513355157634e-08,3.2207615220992047e-08
WashinRate_map_Homogeneity1_tissue_PostCon,-0.15422729854005587,0.2689797528109318,0.4232070513509877,0.43179903719901425,0.43179903719901425,1.619513355157634e-08,3.2207615220992047e-08
Mean_norm_DLBP_max_timepoint_binsize_128_with_filling_Tumor,0.1540643349951329,-0.2686955366284164,-0.4227598716235493,-0.43132306482702226,0.43132306482702226,6.6313512653442155e-09,1.3649746378860273e-08
PE_map_Sum_of_Squares_variance_tumor,-0.15252797791196004,0.2660160567155018,0.41854403462746187,0.4268389762204446,0.4268389762204446,2.4984511135312247e-08,4.85911999653683e-08
WashinRate_map_Max_Probability_tumor,-0.15225950442296243,0.26554782616623773,0.41780733058920017,0.4260559858465165,0.4260559858465165,9.144693821185177e-08,1.6943783571306706e-07
Mean_norm_DLBP_max_timepoint_binsize_33_with_filling_Tumor,0.15165427474064974,-0.2644922767798216,-0.41614655152047136,-0.42429150131606963,0.42429150131606963,1.1044240001707825e-08,2.2470780618859383e-08
SER_map_inverse_difference_normalized_tumor,0.15136512077491618,-0.2639879784943521,-0.41535309926926833,-0.42344881465076273,0.42344881465076273,1.2160882569477366e-08,2.464791907759972e-08
SER_map_Dissimilarity_tumor,-0.15117444817453318,0.2636554363996322,0.41482988457416536,0.4228932440119342,0.4228932440119342,2.1102176248422156e-08,4.1653176251549706e-08
WashinRate_map_inverse_difference_moment_normalized_tumor,0.15096789541606986,-0.2632951985530343,-0.41426309396910416,-0.42229150115979375,0.42229150115979375,1.503211784404433e-08,3.023570471292567e-08
Mean_norm_DHOG_max_timepoint_binsize_4_without_filling_Tumor,0.15094095059902635,-0.26324820550900785,-0.4141891561080342,-0.422213011317954,0.422213011317954,1.3315973359051272e-08,2.688606834709207e-08
PE_map_sum_variance__tumor,-0.14915360800115562,0.2601309949067773,0.40928460290793295,0.41701037564815835,0.41701037564815835,4.8908877399835803e-08,9.30676120306228e-08
"F1_DT_POSTCON (T11=0.2,T12=0.8)",-0.14867112623489512,0.2592895237310971,0.40796064996599224,0.41560725490802175,0.41560725490802175,5.133738417901219e-13,1.3119553734636448e-12
Contrast_Tumor,-0.14843301093463895,0.25887423930862646,0.4073072502432654,0.4149149860960041,0.4149149860960041,5.7488082595002276e-08,1.0900070140772832e-07
PE_map_Autocorrelation_tumor,-0.14765440611256692,0.2575163154225127,0.4051707215350796,0.4126522886829523,0.4126522886829523,6.195937352582618e-08,1.166423793422137e-07
WashinRate_map_difference_entropy_tissue_PostCon,0.14668853235051874,-0.2558317855875129,-0.40252031793803167,-0.4098473350503389,0.4098473350503389,3.233597864863201e-08,6.242968140557056e-08
SER_Washout_tissue_vol_cu_mm_PostCon,-0.14631306465172447,0.2551769520414003,0.4014900166931248,0.4087575388484783,0.4087575388484783,1.0003515705091577e-07,1.837451322219946e-07
WashinRate_map_Sum_of_Squares_variance_tumor,-0.14583861859663225,0.25434949552865005,0.4001881141252823,0.4073809228183641,0.4073809228183641,3.2461261729353657e-09,6.787354725228492e-09
Mean_norm_DLBP_max_timepoint_binsize_256_with_filling_Tumor,0.14447723415362815,-0.25197517623222154,-0.39645241038584966,-0.4034337006652379,0.4034337006652379,2.379918011449508e-08,4.6628764002103326e-08
PE_map_std_dev_tumor,0.14445470927148707,-0.25193589176515296,-0.39639060103664003,-0.4033684271860719,0.4033684271860719,1.6130431703695676e-13,4.162438229880494e-13
Inv_diff_moment_normalized_Tumor,0.14396841304532057,-0.2510877679897646,-0.3950561810350852,-0.4019594999203105,0.4019594999203105,1.0495686162895491e-07,1.9211826921009395e-07
Grouping_based_mean_of_peak_enhancement_slope_3D_tumor_Group_2,0.1434080430885844,-0.2501104561009235,-0.3935184991895079,-0.4003366254504403,0.4003366254504403,4.9052522779315835e-11,1.1532793133448033e-10
Mean_norm_DHOG_max_timepoint_binsize_4_with_filling_Tumor,0.14315154633204574,-0.2496631135433875,-0.39281465987543324,-0.39959402739148564,0.39959402739148564,7.479744671138875e-08,1.3981572194461006e-07
Mean_norm_DHOG_max_timepoint_binsize_10_without_filling_Tumor,0.14311506526568046,-0.24959948882645713,-0.3927145540921376,-0.3994884210464381,0.3994884210464381,6.43656302349707e-08,1.2074261841950178e-07
SER_map_inverse_difference_moment_normalized_tumor,0.14307549493775643,-0.2495304762902593,-0.3926059712280157,-0.39937387520860745,0.39937387520860745,3.3414177690703246e-07,6.032798634260074e-07
PE_map_Cluster_Shade_tissue_PostCon,-0.14276261004136467,0.24898479013166583,0.3917474001730305,0.3984682783851585,0.3984682783851585,1.3024635954038992e-05,2.094234778020251e-05
Grouping_based_mean_of_washin_slope_2D_tumorSlice_Group_1,0.14244163077540048,-0.24842498700709736,-0.39086661778249787,-0.39753948166853403,0.39753948166853403,9.124438152091132e-11,2.107785057841139e-10
Grouping_based_mean_of_peak_enhancement_slope_2D_tumorSlice_Group_1,0.14244163077540048,-0.24842498700709736,-0.39086661778249787,-0.39753948166853403,0.39753948166853403,9.124438152091132e-11,2.107785057841139e-10
SER_map_Contrast_tumor,-0.1422237379804071,0.2480449715967817,0.39026870957718884,0.39690911080626284,0.39690911080626284,5.728740889522695e-07,1.0001663137153482e-06
Max_Enhancement_from_char_curv,0.1421448503786284,-0.24790738786272623,-0.3900522382413546,-0.39668091256816873,0.39668091256816873,3.3656986278504294e-10,7.54429904293592e-10
Mean_norm_DHOG_max_timepoint_binsize_8_without_filling_Tumor,0.14169453418132796,-0.24712201497100308,-0.38881654915233105,-0.3953785479173199,0.3953785479173199,9.16053327295599e-08,1.6943783571306706e-07
Ratio_Tissue_vol_enhancing_more_than_10percent_from_T1_to_Tissue_Vol,0.14121317653916088,-0.24628250432127763,-0.3874956808604385,-0.3939869060473129,0.3939869060473129,2.7630552629636023e-08,5.354052139588811e-08
Contrast_tissue_PostCon,-0.14107892463187843,0.24604836260202625,0.38712728723390466,0.3935988650059316,0.3935988650059316,4.519294072633451e-07,7.995674128505337e-07
WashinRate_map_Dissimilarity_tumor,-0.14032727591798053,0.24473745145219145,0.38506472737017194,0.39142703790771216,0.39142703790771216,9.997822107351677e-08,1.837451322219946e-07
PE_map_kurtosis_tissue_PostCon,0.13945417510009353,-0.2432147220495676,-0.3826688971496611,-0.3889058422024073,0.3889058422024073,9.598945128533108e-10,2.07258856040572e-09
inverse_difference_moment_normalized_tissue_PostCon,0.13870133454427852,-0.2419017322706592,-0.3806030668149377,-0.38673324894633476,0.38673324894633476,6.474245457757525e-07,1.119240472926056e-06
WashinRate_map_Entropy_tumor,0.13867908633692091,-0.24186293033760228,-0.3805420166745232,-0.386669062428124,0.386669062428124,6.37041203526156e-07,1.1049009726732346e-06
Correlation1_tissue_PostCon,0.13690390374939265,-0.23876692737245286,-0.3756708311218455,-0.3815510640494829,0.3815510640494829,3.3897143258167026e-07,6.078504672396731e-07
Correlation2_tissue_PostCon,0.13690390374939265,-0.23876692737245286,-0.3756708311218455,-0.3815510640494829,0.3815510640494829,3.3897143258167026e-07,6.078504672396731e-07
PE_map_skewness_tumor,0.1368190712385218,-0.2386189754338504,-0.37543804667237224,-0.3813066540326333,0.3813066540326333,4.394462690930259e-10,9.767524216395408e-10
Mean_norm_DHOG_max_timepoint_binsize_6_without_filling_Tumor,0.13674790928127392,-0.23849486559174135,-0.3752427748730153,-0.38110164193183843,0.38110164193183843,2.590564358837248e-07,4.693179951455151e-07
Homogeneity2_tissue_T1,0.13601055838480677,-0.2372088905163588,-0.37321944890116554,-0.3789780248770916,0.3789780248770916,2.4214745450909143e-07,4.4019245166772975e-07
Mean_norm_DHOG_max_timepoint_binsize_10_with_filling_Tumor,0.1351517809220598,-0.23571114172716395,-0.3708629226492237,-0.3765061422566714,0.3765061422566714,3.499118896795216e-07,6.253492893259018e-07
MF_Tumor,0.13485706270249662,-0.2351971391180449,-0.3700542018205415,-0.3756581908541515,0.3756581908541515,4.085580737572603e-08,7.830696413680822e-08
Grouping_based_mean_of_washout_slope_3D_tumor_Group_1,0.134379466230241,-0.23436418812774168,-0.3687436543579827,-0.3742844559271212,0.3742844559271212,8.951484532463243e-11,2.086050800737029e-10
Mean_norm_DHOG_max_timepoint_binsize_8_with_filling_Tumor,0.13390174010672395,-0.23353101101946558,-0.36743275112618956,-0.37291082448186236,0.37291082448186236,4.767327825564317e-07,8.406388065745079e-07
"F1_DT_T1NFS (T11=0.2,T12=0.8)",-0.13262599984033363,0.23130605924534287,0.3639320590856765,0.36924494044034245,0.36924494044034245,9.384684245293343e-12,2.287787080995474e-11
inverse_difference_is_homom_tissue_T1,0.1313506644106705,-0.22908181352575832,-0.36043247793642885,-0.3655835645661351,0.3655835645661351,6.750287660453294e-07,1.1593838222012314e-06
Homogeneity1_tissue_T1,0.1313506644106705,-0.22908181352575832,-0.36043247793642885,-0.3655835645661351,0.3655835645661351,6.750287660453294e-07,1.1593838222012314e-06
WashinRate_map_sum_variance__tumor,-0.13130862612192146,0.22900849674835216,0.3603171228702736,0.3654629328419273,0.3654629328419273,8.327334407451394e-08,1.5511126413879532e-07
SER_map_Cluster_Shade_tissue_PostCon,-0.13085869700656105,0.2282237989459666,0.3590824959525276,0.36417205537750624,0.36417205537750624,1.1948146942979077e-05,1.927002967328028e-05
WashinRate_map_inverse_difference_normalized_tumor,0.13060735485418815,-0.2277854462635562,-0.35839280111774435,-0.36345111604265656,0.36345111604265656,5.384064329246655e-07,9.431026589971789e-07
Dissimilarity_Tumor,-0.13059274638771104,0.22775996840237703,0.35835271479008807,0.3634092176541843,0.3634092176541843,1.011800224668745e-06,1.7155202527236094e-06
SER_map_mean_tissue_PostCon,0.1304862948931325,-0.22757431192671296,-0.3580606068198454,-0.3631039182573795,0.3631039182573795,3.525859887947755e-07,6.280066938465866e-07
Ratio_Tissue_vol_enhancing_more_than_40percent_from_PostCon_to_Breast_Vol,0.1291808308822168,-0.22529752052672294,-0.35447835140893974,-0.3593617433872068,0.3593617433872068,1.6001058388444672e-07,2.918813754305942e-07
Mean_norm_DHOG_max_timepoint_binsize_6_with_filling_Tumor,0.12869532861871813,-0.2244507814600306,-0.35314611007874874,-0.35797089728947074,0.35797089728947074,1.316125202411355e-06,2.2243777382607245e-06
Grouping_based_mean_of_washin_slope_3D_tumor_Group_2,0.12637309140016995,-0.2204006891681536,-0.34677378056832353,-0.3513246909246804,0.3513246909246804,5.421189277777054e-09,1.1246310305662988e-08
Variance_of_RGH_values_Tumor,-0.12592551513816694,0.21962009485406506,0.345545609992232,0.35004494716045204,0.35004494716045204,2.9152983333369522e-05,4.6312096646704135e-05
Median_solidity_Tumor,-0.1254461307919993,0.21878402572652242,0.34423015651852173,0.34867468569084675,0.34867468569084675,4.075484870473507e-07,7.234669451276795e-07
PE_map_Cluster_Prominence_tissue_PostCon,-0.124349013999848,0.21687060179735404,0.34121961579720206,0.34554037649800917,0.34554037649800917,0.00014482268823421784,0.00022206145529246734
Grouping_based_mean_of_washout_slope_3D_tumor_Group_2,0.12415206906169692,-0.2165271204468881,-0.340679189508585,-0.344977976359536,0.344977976359536,1.7824882990045174e-08,3.531596667316066e-08
WashinRate_map_Autocorrelation_tumor,-0.1223434636116743,0.2133728264179788,0.3357162900296531,0.33981672421986275,0.33981672421986275,5.794583434900929e-07,1.0083337621916419e-06
Margin_Gradient_Tumor,0.12169764020254277,-0.21224647963895948,-0.33394411984150224,-0.33797521659931934,0.33797521659931934,7.316332789709788e-07,1.2525372316364006e-06
Inv_Diff_normalized_Tumor,0.12154914698517533,-0.21198750039676403,-0.33353664738193933,-0.3375519115482872,0.3375519115482872,4.344959119868137e-06,7.182760545032014e-06
WashinRate_map_sum_average_tumor,-0.12122792733161111,0.21142727802477596,0.33265520535638704,0.33663636085679693,0.33663636085679693,5.320694942314451e-07,9.350988785662275e-07
WashinRate_map_inverse_difference_normalized_tissue_PostCon,-0.12097785432409801,0.2109911387914174,0.3319689931155154,0.3359237271987725,0.3359237271987725,2.756514527113256e-06,4.599987964804141e-06
SER_map_kurtosis_tumor,0.12061562192502136,-0.2103593882382812,-0.33097501016330255,-0.3348916778381158,0.3348916778381158,9.389416279543107e-10,2.0356562343763536e-09
WashinRate_map_Correlation2_tissue_T1,0.11989076354967255,-0.209095200714608,-0.32898596426428056,-0.3328271837072308,0.3328271837072308,3.2920208613974424e-06,5.459181930028988e-06
WashinRate_map_Correlation1_tissue_T1,0.11989076354967255,-0.209095200714608,-0.32898596426428056,-0.3328271837072308,0.3328271837072308,3.2920208613974424e-06,5.459181930028988e-06
Grouping_based_mean_of_washout_slope_2D_tumorSlice_Group_1,0.1182516277837062,-0.20623646988467814,-0.3244880976683843,-0.32816224406875366,0.32816224406875366,2.4067125484954003e-08,4.697973941527922e-08
breastDensity_T1,0.11745111296759529,-0.20484033392562676,-0.32229144689322203,-0.32588576498946575,0.32588576498946575,1.4821150120770218e-06,2.496938985314473e-06
WashinRate_map_Dissimilarity_tissue_PostCon,0.11738278724571684,-0.20472117061306622,-0.32210395785878304,-0.3256915156920106,0.3256915156920106,4.960076502577427e-06,8.148697111377201e-06
SER_map_mean_tissue_T1,0.11689699915334309,-0.20387393304720028,-0.32077093220054337,-0.32431066579913065,0.32431066579913065,5.987754956561945e-06,9.746222683142365e-06
sum_entropy_tissue_T1,-0.11468778785755274,0.20002096334680464,0.3147087512043574,0.31803626706080323,0.31803626706080323,5.0688364905902326e-06,8.301592890161714e-06
Variance_of_Margin_Gradient_Tumor,0.11436018395736375,-0.1994496065446874,-0.31380979050205116,-0.3171065653322613,0.3171065653322613,1.5224268712462522e-06,2.5567105234579917e-06
globalMoransISERMap_Tumor,-0.11274825959849102,0.19663833370451145,0.30938659330300244,0.31253481636825714,0.31253481636825714,4.759034723834428e-06,7.842770619652374e-06
SER_map_Cluster_Prominence_tumor,-0.11199921569560987,0.19533196546912923,0.3073311811647391,0.31041189036048744,0.31041189036048744,4.0608202826490414e-05,6.393374790242093e-05
Entropy_tissue_T1,-0.10891788045856163,0.18995797008546833,0.29887585054403,0.30168876941726697,0.30168876941726697,1.9173288716288464e-05,3.073536282095939e-05
Ratio_Tissue_vol_enhancing_more_than_0percent_from_T1_to_Breast_Vol,0.10851526836835881,-0.18925579542814952,-0.2977710637965083,-0.30055015757320064,0.30055015757320064,1.0449516084234519e-05,1.6904568833517005e-05
BEVR_Tumor,-0.1073093710991441,0.18715265316695925,0.29446202426610335,0.2971413910611095,0.2971413910611095,2.1766398034735927e-05,3.478678114917011e-05
Grouping_based_mean_of_washout_slope_2D_tumorSlice_Group_2,0.10564826187748064,-0.18425559958393892,-0.28990386146141955,-0.29244970485584915,0.29244970485584915,9.346723564325722e-06,1.5166922593645114e-05
information_measure_correlation1_tissue_PostCon,0.1052879104420151,-0.18362712952089466,-0.2889150399629098,-0.29143249983248504,0.29143249983248504,0.0001075909186874193,0.00016545231391175817
Grouping_based_proportion_of_tumor_voxels_3D_tumor_Group_2,-0.10503626545032602,0.18318824867229422,0.28822451412262023,0.2907222750011388,0.2907222750011388,5.583832322445309e-05,8.636980405185873e-05
WashinRate_map_Cluster_Shade_tumor,0.10486230938038593,-0.18288486100269696,-0.2877471703830829,-0.290231372382544,0.290231372382544,4.939497357538173e-05,7.730751781472466e-05
Washout_rate_from_char_curv,0.10371727928078942,-0.18088787398375766,-0.28460515326454705,-0.2870012946757142,0.2870012946757142,2.633797543969458e-06,4.409110445442542e-06
Grouping_based_proportion_of_tumor_voxels_3D_tumor_Group_1,0.10167246975497864,-0.17732162879886143,-0.27899409855384005,-0.28123805049667794,0.28123805049667794,3.715364588277209e-05,5.866948857309384e-05
WashinRate_map_Energy_tumor,-0.10155154921560833,0.17711073762007845,0.2786622868356868,0.28089744019411067,0.28089744019411067,0.0004630708373547,0.0006785719472593804
Cluster_Prominence_Tumor,-0.09995326291951531,0.1743232502108223,0.27427651313033763,0.2763974525852034,0.2763974525852034,5.301865892525617e-05,8.273413147923455e-05
WashinRate_map_Contrast_tissue_T1,-0.09918875880955931,0.17298991863810073,0.27217867744766006,0.27424634223700756,0.27424634223700756,0.00018874458386039788,0.00028609136063653434
WashinRate_map_difference_entropy_tumor,-0.09904988840278078,0.17274772203579558,0.27179761043857636,0.2738556913963967,0.2738556913963967,5.327792568565428e-05,8.289418437562093e-05
WashinRate_map_inverse_difference_moment_normalized_tissue_T1,0.09752276133462112,-0.1700843397086816,-0.2676071010433027,-0.26956166789653324,0.26956166789653324,0.00023855213028610182,0.00035850590034473823
Median_Euler_No_Tumor,0.09696636567510403,-0.169113959183366,-0.26608032485847,-0.26799802559327196,0.26799802559327196,3.2654906227523635e-05,5.171989639029941e-05
Correlation2_Tumor,0.09641291372873316,-0.16814871263404246,-0.26456162636277564,-0.2664431011603894,0.2664431011603894,0.00031744855839180763,0.0004690790150538163
Correlation1_Tumor,0.09641291372873316,-0.16814871263404246,-0.26456162636277564,-0.2664431011603894,0.2664431011603894,0.00031744855839180763,0.0004690790150538163
Grouping_based_mean_of_peak_enhancement_slope_3D_tumor_Group_3,0.09536569574942616,-0.16632231461060668,-0.26168801036003286,-0.2635021449972686,0.2635021449972686,4.751248477990328e-05,7.458191231029328e-05
Entropy_tissue_PostCon,0.09488098208649848,-0.1654769509008571,-0.26035793298735554,-0.2621414282890786,0.2621414282890786,0.0002078478385084218,0.00031325215547280664
WashinRate_map_kurtosis_tumor,0.09394497320908624,-0.1638445068468008,-0.25778948005588703,-0.25951474877973185,0.25951474877973185,5.4166248315706e-05,8.402916527568466e-05
Grouping_based_variance_of_washin_slope_3D_tumor_Group_1,0.09350937946658282,-0.16308481061731403,-0.25659419008389683,-0.2582927809054399,0.2582927809054399,8.34940694203604e-07,1.4202045891759054e-06
Grouping_based_variance_of_peak_enhancement_slope_3D_tumor_Group_1,0.09350937946658282,-0.16308481061731403,-0.25659419008389683,-0.2582927809054399,0.2582927809054399,8.34940694203604e-07,1.4202045891759054e-06
Grouping_based_proportion_of_tumor_voxels_2D_tumorSlice_Group_1,0.09305850115997188,-0.16229845738018875,-0.2553569585401606,-0.2570282138471249,0.2570282138471249,0.00017549696443635657,0.00026677555800813977
Sum_of_squares_variance_Tumor,-0.09305094455587173,0.16228527830280012,0.25533622285867186,0.25700702243490886,0.25700702243490886,0.00026217742269807093,0.0003917849056702812
SER_map_mean_tumor,0.09243607267917431,-0.16121291247022623,-0.25364898514940054,-0.2552829671060987,0.2552829671060987,7.309608717068891e-05,0.00011273419858103334
SER_map_Correlation2_tumor,-0.09238274918589781,0.1611199137587385,0.2535026629446363,0.25513347654356267,0.25513347654356267,0.0001568180976510296,0.00023906851199447145
SER_map_Correlation1_tumor,-0.09238274918531733,0.16111991375772605,0.25350266294304336,0.25513347654193524,0.25513347654193524,0.0001568180976598896,0.00023906851199447145
WashinRate_map_inverse_difference_moment_normalized_tissue_PostCon,-0.09161821518741163,0.15978653005906215,0.25140474524647377,0.2529905608779352,0.2529905608779352,0.00025534456130750694,0.0003826551641123829
PE_map_Correlation2_tumor,-0.09026307110979034,0.15742309425695641,0.24768616536674676,0.24919417516970008,0.24919417516970008,0.00033313323826249957,0.0004895207862246174
PE_map_Correlation1_tumor,-0.09026307110979034,0.15742309425695641,0.24768616536674676,0.24919417516970008,0.24919417516970008,0.00033313323826249957,0.0004895207862246174
WashinRate_map_Contrast_tissue_PostCon,0.0900723131112625,-0.15709040322380968,-0.2471627163350722,-0.24865997247347993,0.24865997247347993,0.000315213944462554,0.000468393754552503
Inf_mea_of_corr1_Tumor,-0.08956093693577834,0.15619853882251838,0.2457594757582967,0.247228143933013,0.247228143933013,0.0005845777756947198,0.0008519053535606247
WashinRate_map_sum_entropy_tumor,-0.08919429411270603,0.15555909627990072,0.24475339039260674,0.2462017760543147,0.2462017760543147,0.00020638335323841685,0.00031193369675177864
Ratio_Tissue_vol_enhancing_more_than_20percent_from_PostCon_to_Breast_Vol,-0.0887928230544077,0.15485891163655602,0.2436517346909637,0.24507811537672908,0.24507811537672908,0.0006966691590754316,0.0010014619161709329
Grouping_based_proportion_of_tumor_voxels_2D_tumorSlice_Group_2,-0.08789099473358472,0.15328608010083516,0.24117707483441989,0.24255479870094054,0.24255479870094054,0.0007889232335366701,0.0011240410421167902
Dissimilarity_tissue_PostCon,-0.08769129355658845,0.1529377917385727,0.24062908529516114,0.24199617840959137,0.24199617840959137,0.0014988799153553718,0.0020811219822125765
Homogeneity1_Tumor,0.08739976933518957,-0.15242935961434778,-0.23982912894953734,-0.24118079637485326,0.24118079637485326,0.0006676145672149252,0.0009623109156858186
Inv_Diff_homo_Tumor,0.08739976933518957,-0.15242935961434778,-0.23982912894953734,-0.24118079637485326,0.24118079637485326,0.0006676145672149252,0.0009623109156858186
Sum_variance_Tumor,-0.08676874626584799,0.15132882533269862,0.2380975715985466,0.2394162258891086,0.2394162258891086,0.0006271057423843286,0.0009113707080255764
Enhancement_variance_increasing_rate_Tumor,0.08669342389416144,-0.1511974595296983,-0.23789088342385972,-0.23920563137933237,0.23920563137933237,5.224666264699221e-06,8.530396463042864e-06
Diff_entropy_Tumor,-0.08589147461041384,0.14979882179077939,0.2356902964011932,0.2369639047012372,0.2369639047012372,0.0007645516256357562,0.0010960645256404202
WashinRate_map_skewness_tissue_PostCon,-0.0856780159278447,0.14942653968368155,0.23510455561152627,0.2363673517985171,0.2363673517985171,0.0009613126324351977,0.0013524850599952649
Energy_tissue_PostCon,-0.08553075593321928,0.14916971124067482,0.2347004671738941,0.23595583805829665,0.23595583805829665,0.0007886268008123545,0.0011240410421167902
Homogeneity2_Tumor,0.08499342988262439,-0.14823258902148242,-0.23322601890410682,-0.23445452874655237,0.23445452874655237,0.0009182950205821216,0.0012954081757011796
SER_map_information_measure_correlation1_tissue_PostCon,0.08426694301821631,-0.1469655613353417,-0.23123250435355802,-0.2324252741157149,0.2324252741157149,0.0018416765352847215,0.0025305113952353705
BreastVol,-0.08404734957441916,0.1465825799125288,0.23062992948694794,0.231812025967081,0.231812025967081,0.0016821155125128927,0.002329421743767854
SER_Washout_tissue_vol_cu_mm_T1,0.08362848971254813,-0.14585206836771766,-0.2294805580802658,-0.2306424620924558,0.2306424620924558,0.0006377503765427397,0.0009243012306605733
Grouping_based_mean_of_peak_enhancement_slope_2D_tumorSlice_Group_2,0.08329361445750713,-0.14526802997648536,-0.2285616444339925,-0.2297075608591776,0.2297075608591776,0.001759603569953268,0.002424037209649163
WashinRate_map_inverse_difference_is_homom_tumor,0.08307566896426911,-0.14488792265792222,-0.22796359162219132,-0.22909917713589545,0.22909917713589545,0.0007925658009632565,0.0011240410421167902
WashinRate_map_Homogeneity1_tumor,0.08307566896426911,-0.14488792265792222,-0.22796359162219132,-0.22909917713589545,0.22909917713589545,0.0007925658009632565,0.0011240410421167902
Sum_avg_Tumor,-0.08287797280876592,0.14454313114862025,0.22742110395738618,0.22854736886551752,0.22854736886551752,0.001066357279817349,0.0014923359815433269
Grouping_based_mean_of_washin_slope_3D_tumor_Group_3,0.08200178020878526,-0.14301500953079802,-0.22501678973958328,-0.22610232020939017,0.22610232020939017,0.00047353425869854204,0.0006919879084296374
Grouping_based_mean_of_washin_slope_2D_tumorSlice_Group_2,0.08065235620122042,-0.14066154980331907,-0.22131390600453948,-0.22233851653812964,0.22233851653812964,0.0014968306625718472,0.0020811219822125765
Sum_of_Squares_variance_tissue_PostCon,-0.0798592821518918,0.13927839089585922,0.219137673047751,0.22012749373750107,0.22012749373750107,0.002827727274501685,0.003855329196421112
Grouping_based_variance_of_washout_slope_3D_tumor_Group_1,0.07984193894161784,-0.1392481435112739,-0.21909008245289174,-0.2200791506520263,0.2200791506520263,2.5966523277797014e-05,4.1374369921550064e-05
Autocorrelation_Tumor,-0.07814985104546097,0.13629706164476194,0.21444691269022292,0.21536425467871356,0.21536425467871356,0.002025521630457722,0.002768736285561072
Ratio_Tissue_vol_enhancing_more_than_0percent_from_PostCon_to_Tissue_Vol,0.07808378017672342,-0.13618183090345468,-0.2142656110801781,-0.21518021973220985,0.21518021973220985,0.0029824259653983246,0.004055792636749906
PE_map_kurtosis_tumor,0.07806116417805499,-0.13614238752482202,-0.21420355170287703,-0.2151172258900211,0.2151172258900211,0.0008333962012366977,0.001178787675011265
SER_map_Autocorrelation_tumor,0.0777225217524883,-0.13555177900880397,-0.21327430076129228,-0.214174052899186,0.214174052899186,0.0010489585139292837,0.001471880779492284
Homogeneity2_tissue_PostCon,-0.07664861914177175,0.13367884171749278,0.21032746085926451,0.2111839286501202,0.2111839286501202,0.004921011407097579,0.006623956830418879
SER_map_sum_variance__tumor,0.07655037535789623,-0.1335074998801408,-0.21005787523803704,-0.21091044848352505,0.21091044848352505,0.0012401252873786314,0.0017309400449163485
Cluster_Shade_Tumor,-0.07651245282065905,0.13344136116936373,0.20995381399002278,0.2108048868327807,0.2108048868327807,0.0017260565599891654,0.0023840311233270716
Max_Probability_tissue_T1,0.07623646881211747,-0.13296003191637198,-0.20919650072848944,-0.21003670299590357,0.21003670299590357,0.0019037765427539837,0.0026090616350177656
WashinRate_map_Homogeneity2_tumor,0.07184307775497768,-0.12529774870362168,-0.19714082645859937,-0.19781926682988593,0.19781926682988593,0.0033401314470801638,0.0045305885525779655
inverse_difference_normalized_tissue_PostCon,0.07173458067529084,-0.12510852463011696,-0.1968431053054078,-0.19751781362908566,0.19751781362908566,0.009185296323486709,0.01211726123472436
2nd_DFT_CoeffMap_Momment_Invariant_1_2D_tumorSlice,-0.07017391125053449,0.12238664283575398,0.19256055408628847,0.19318293990182958,0.19318293990182958,0.00938976324389455,0.012356180985124917
Time_to_Peak_from_char_curv,-0.07008198600289268,0.12222632082647338,0.19230830682936606,0.19292768946804745,0.19292768946804745,0.0036785867778022824,0.004976911522908971
WashinRate_map_Cluster_Prominence_tissue_PostCon,0.06986909094199872,-0.12185502170241455,-0.19172411264441327,-0.19233657335165252,0.19233657335165252,0.004493908430174731,0.006064483570312329
Sum_entropy_Tumor,-0.06922865230102958,0.12073806621548713,0.1899667185165167,0.19055863555092145,0.19055863555092145,0.006102652065352227,0.00817291884195273
Maximum_variance_of_enhancement_Tumor,0.06908301129225812,-0.12048406136090248,-0.18956707265316058,-0.19015437607061325,0.19015437607061325,0.00028669665784196425,0.0004272183999954904
Max_probability_Tumor,0.0686403770697622,-0.11971208619905144,-0.18835246326881364,-0.18892587643631786,0.18892587643631786,0.006858236858505003,0.00913855742606838
Grouping_based_proportion_of_3D_tissue_T1_Group_3,-0.06797163793337425,0.1185457733004677,0.18651741123384197,0.1870702117974033,0.1870702117974033,0.01233709168955273,0.015917857326276572
WashinRate_map_skewness_tumor,0.06762373720688043,-0.11793901786676168,-0.18556275507364212,-0.18610500846676178,0.18610500846676178,0.005039520831786851,0.006766260203084375
Entropy_Tumor,-0.06726402918668713,0.11731166995058993,0.18457569913727706,0.18510717331857282,0.18510717331857282,0.007600111726024926,0.010076338604178411
"F1_DT_POSTCON (T11=0.05,T12=0.1)",-0.0671418146427291,0.1170985219661883,0.1842403366089174,0.1847681774533097,0.1847681774533097,0.012392598158115645,0.015942020741717463
SER_Partial_tissue_vol_cu_mm_T1,0.06709011031776914,-0.11700834716134692,-0.18409845747911607,-0.18462476561423946,0.18462476561423946,0.0069069804372089445,0.009180383545938522
WashinRate_map_Cluster_Shade_tissue_PostCon,0.06691729154090675,-0.11670694298503417,-0.18362423452594093,-0.18414543869394437,0.18414543869394437,0.0076351675707040136,0.010097509112256058
WashinRate_map_Dissimilarity_tissue_T1,-0.06669321821878925,0.11631614844110315,0.1830093666598924,0.1835239966355014,0.1835239966355014,0.011324088284025636,0.014682457603552846
ASD_Tumor,0.06631889010111652,-0.1156633023787329,-0.18198219247984943,-0.1824859490143677,0.1824859490143677,0.006557823208914855,0.008760324438171612
Grouping_based_proportion_of_3D_tissue_T1_Group_2,0.06613065378422525,-0.11533500927844054,-0.1814656630626658,-0.18196400311817976,0.18196400311817976,0.011422521491813694,0.014773872540756586
Energy_Tumor,0.06538641933283092,-0.11403702895547371,-0.17942344828830464,-0.17990070755663667,0.17990070755663667,0.009624001185493362,0.012539646864842336
Homogeneity1_tissue_PostCon,-0.06381993548741743,0.11130500653460171,0.17512494202201914,0.1755595516366675,0.1755595516366675,0.01995329610872201,0.025312454775812815
inverse_difference_is_homom_tissue_PostCon,-0.06381993548741743,0.11130500653460171,0.17512494202201914,0.1755595516366675,0.1755595516366675,0.01995329610872201,0.025312454775812815
WashinRate_map_inverse_difference_normalized_tissue_T1,0.06251808219426232,-0.10903451239829971,-0.17155259459256203,-0.1719535016147527,0.1719535016147527,0.017465501595705393,0.022317029816734668
SER_map_Sum_of_Squares_variance_tumor,0.06191910602608575,-0.10798986943835236,-0.16990897546443812,-0.17029489733065586,0.17029489733065586,0.009532114992719262,0.012512379233619081
SER_map_sum_average_tumor,0.061625967030484695,-0.10747862107102374,-0.16910458810150844,-0.16948329451108649,0.16948329451108649,0.010420601217204721,0.013544221238086726
sum_variance__tissue_PostCon,-0.061161351264906724,0.10666830905129594,0.16782966031620267,0.16819708849753015,0.16819708849753015,0.021211114991386823,0.026779665466452576
2nd_DFT_CoeffMap_Momment_Invariant_4_2D_tumorSlice,-0.05989610980823013,0.10446166770125859,0.1643577775094887,0.16469546417605394,0.16469546417605394,0.056079751505457805,0.06867173274626662
1st_DFT_CoeffMap_Momment_Invariant_7_2D_tumorSlice,0.05748853033836853,-0.10026273445917859,-0.1577512647975471,-0.15803619022380702,0.15803619022380702,0.059808240794143,0.07289990640576417
WashinRate_map_information_measure_correlation2_tissue_T1,0.05687905407490537,-0.09919977883302156,-0.15607883290792693,-0.1563511792117949,0.1563511792117949,0.024726516956024333,0.03099603665814425
2nd_DFT_CoeffMap_Momment_Invariant_2_2D_tumorSlice,-0.05676398824045656,0.09899909853841526,0.15576308677887182,0.1560330928036016,0.1560330928036016,0.0366597636942456,0.04552350937618761
PE_map_information_measure_correlation1_tissue_T1,-0.0561967825765681,0.09800986485080042,0.1542066474273685,0.15446527659788034,0.15446527659788034,0.02430575617411941,0.030540962033513464
Max_Probability_tissue_PostCon,-0.05369278371260154,0.09364277159400122,0.14733555530660275,0.14754706500443893,0.14754706500443893,0.029548229160627756,0.036865597231066236
2nd_DFT_CoeffMap_Momment_Invariant_2_3D_tumor,-0.05359548952612493,0.09347308589972987,0.1470685754258548,0.14727835446615584,0.14727835446615584,0.0992857771876312,0.11697589339032717
1st_DFT_CoeffMap_Momment_Invariant_1_2D_tumorSlice,-0.053020919956902605,0.09247100921055047,0.14549192916745307,0.1456916376110419,0.1456916376110419,0.045216290993594914,0.05575621896412986
SER_map_skewness_tumor,-0.05287029367972763,0.09220830981047735,0.145078603490205,0.14527571403601747,0.14527571403601747,0.012416091768596588,0.015942020741717463
information_measure_correlation1_tissue_T1,-0.05211438832967288,0.09088997488448924,0.14300436321416213,0.14318869838890147,0.14318869838890147,0.04422217922762587,0.05478579112743345
SER_Washout_tumor_vol_cu_mm,0.05120918719638184,-0.08931126100321334,-0.14052044819959517,-0.1406900528604175,0.1406900528604175,0.02145995457602144,0.027029323739798432
information_measure_correlation2_tissue_PostCon,-0.050264734452148394,0.08766409044333003,0.13792882489547842,0.13808370900635303,0.13808370900635303,0.05299496437709893,0.06504486346980355
Grouping_based_variance_of_washin_slope_2D_tumorSlice_Group_1,0.05020216928199121,-0.08755497380728208,-0.13775714308927328,-0.13791107513756776,0.13791107513756776,0.009612958344384347,0.012539646864842336
Grouping_based_variance_of_peak_enhancement_slope_2D_tumorSlice_Group_1,0.05020216928199121,-0.08755497380728208,-0.13775714308927328,-0.13791107513756776,0.13791107513756776,0.009612958344384347,0.012539646864842336
2nd_DFT_CoeffMap_Momment_Invariant_1_3D_tumor,-0.04936215482693564,0.08608994859697672,0.13545210342391237,0.1355935273647918,0.1355935273647918,0.08159670344737435,0.09699922724418208
PE_map_information_measure_correlation1_tumor,0.04863845452767977,-0.08482778081315576,-0.13346623534083552,-0.13359728831692402,0.13359728831692402,0.061416817160126556,0.07468849719013092
Cluster_Shade_tissue_T1,0.04828315717453609,-0.0842081253103519,-0.132491282484888,-0.1326173793300995,0.1326173793300995,0.05172523324062583,0.06363406600997921
2nd_DFT_CoeffMap_Momment_Invariant_3_2D_tumorSlice,-0.04827053817400627,0.08418611717252295,0.13245665534652923,0.13258257779400728,0.13258257779400728,0.09256103236999229,0.1092963975976025
WashinRate_map_Sum_of_Squares_variance_tissue_PostCon,0.04790815088922033,-0.08355409649131865,-0.13146224738053897,-0.1315832089491612,0.1315832089491612,0.045052071216337794,0.055683517928604424
Grouping_based_variance_of_washin_slope_3D_tumor_Group_3,0.047685295557722954,-0.0831654261810286,-0.13085072173875156,-0.13096867784534402,0.13096867784534402,0.013083419096265508,0.016758180876330398
Energy_tissue_T1,0.04761524350347295,-0.08304325206260439,-0.13065849556607734,-0.13077551403367846,0.13077551403367846,0.061853367956232364,0.07504686157992413
1st_DFT_CoeffMap_Momment_Invariant_2_3D_tumor,-0.047344176877853396,0.08257049895958964,0.12991467583744304,0.130028097948427,0.130028097948427,0.1406526168260804,0.1624568434519575
1st_DFT_CoeffMap_Momment_Invariant_2_2D_tumorSlice,-0.0469634571699462,0.08190650565948951,0.12886996282943572,0.1289784187771467,0.1289784187771467,0.07960927187275038,0.09504696624220793
Autocorrelation_tissue_PostCon,-0.04688677883463513,0.08177277499135767,0.1286595538259928,0.1287670215222014,0.1287670215222014,0.07465295317517089,0.08934708649245565
2nd_DFT_CoeffMap_Momment_Invariant_4_3D_tumor,-0.0468512953703839,0.08171089014001491,0.1285621855103988,0.12866919723737166,0.12866919723737166,0.15554131862773876,0.17887251642189958
2nd_DFT_CoeffMap_Momment_Invariant_3_3D_tumor,-0.046744455128853696,0.08152455567115569,0.12826901080000938,0.12837465476481555,0.12837465476481555,0.1564801699412854,0.1795618435985683
sum_average_tissue_PostCon,-0.04654422497349672,0.08117534474544426,0.127719569718941,0.12782267114271112,0.12782267114271112,0.07307735481823502,0.08765968412436809
Grouping_based_variance_of_peak_enhancement_slope_3D_tumor_Group_3,0.04545177389357047,-0.07927005804057223,-0.1247218319341427,-0.12481153403191814,0.12481153403191814,0.017570582753148756,0.022397200666061906
WashinRate_map_information_measure_correlation2_tissue_PostCon,0.0451247262995533,-0.07869967146291151,-0.12382439776246482,-0.12391024205171741,0.12391024205171741,0.08432360348289218,0.10001611265123311
Grouping_based_variance_of_peak_enhancement_slope_3D_tumor_Group_2,0.04430719290361098,-0.07727385429022614,-0.12158104719383711,-0.12165755233651455,0.12165755233651455,0.020550791529831025,0.026008059137034956
1st_DFT_CoeffMap_Momment_Invariant_4_2D_tumorSlice,-0.04373833045748941,0.07628173109550243,0.12002006155299184,0.12009032147240893,0.12009032147240893,0.12479764032198204,0.14573499278218213
WashinRate_map_sum_variance__tissue_PostCon,0.04320125837113033,-0.07534505180203045,-0.11854631017316078,-0.11861086177919651,0.11861086177919651,0.07067911913718622,0.0851691435616663
SER_map_sum_variance__tissue_PostCon,0.043181777793942326,-0.0753110767477677,-0.11849285454171002,-0.11855720249683907,0.11855720249683907,0.07020589760663799,0.08479205441532306
WashinRate_map_Autocorrelation_tissue_PostCon,0.04302995582916179,-0.07504629201157373,-0.11807624784073552,-0.11813901675224132,0.11813901675224132,0.07173578602776082,0.08624597911064881
Grouping_based_variance_of_washin_slope_3D_tumor_Group_2,0.042550973067193715,-0.07421092326599842,-0.11676189633319213,-0.11681977726851314,0.11681977726851314,0.02483367565496383,0.031056771681976042
"F1_DT_T1NFS(T11=0.05,T12=0.1)",-0.041748646516656704,0.07281162755583614,0.11456027407249285,0.1146102826922715,0.1146102826922715,0.11447843060834387,0.13457575509291977
WashinRate_map_Correlation1_tissue_PostCon,0.041693382169287,-0.07271524390238489,-0.11440862607167189,-0.11445810682895317,0.11445810682895317,0.11605345353458042,0.1358236215725288
WashinRate_map_Correlation2_tissue_PostCon,0.04169338216258227,-0.07271524389069214,-0.11440862605327441,-0.11445810681049177,0.11445810681049177,0.11605345359316262,0.1358236215725288
Grouping_based_variance_of_washout_slope_2D_tumorSlice_Group_1,0.04099704729766023,-0.07150080272746681,-0.11249785002512705,-0.11254083652158482,0.11254083652158482,0.031180816705798687,0.038810945970276484
Grouping_based_mean_of_peak_enhancement_slope_2D_tumorSlice_Group_3,0.04091590237564357,-0.07135928211942566,-0.11227518449506924,-0.11231743298422878,0.11231743298422878,0.06749186244898661,0.08170067559614169
SER_map_sum_variance__tissue_T1,0.0408114174162403,-0.07117705537475263,-0.11198847279099294,-0.11202977672818973,0.11202977672818973,0.09005761501117131,0.10657825132194547
WashinRate_map_difference_entropy_tissue_T1,-0.039756890010773455,0.06933790936402676,0.10909479937480021,0.10912692776153116,0.10912692776153116,0.13123512262782205,0.15224425410113568
1st_DFT_CoeffMap_Momment_Invariant_4_3D_tumor,-0.03949405372787127,0.06887951037063275,0.10837356409850402,0.10840350558533365,0.10840350558533365,0.23124324691977544,0.25807526924169033
1st_DFT_CoeffMap_Momment_Invariant_3_3D_tumor,-0.039437650044085226,0.06878113966022023,0.10821878970430546,0.10824826703398881,0.10824826703398881,0.2319019139580264,0.2582654999658862
TumorMajorAxisLength_mm,0.03912199354462528,-0.06823061969389939,-0.10735261323852467,-0.10737952633309601,0.10737952633309601,0.12870946883333567,0.14997204628377658
1st_DFT_CoeffMap_Momment_Invariant_3_2D_tumorSlice,-0.038814832210173636,0.0676949156998863,0.10650974791005993,0.10653421981213047,0.10653421981213047,0.16403314551472703,0.18782150211534762
1st_DFT_CoeffMap_Momment_Invariant_7_3D_tumor,0.03859375721125547,-0.06730935037439212,-0.10590310758564758,-0.10592585521706015,0.10592585521706015,0.202632267376731,0.22904373812455278
Ratio_Tissue_vol_enhancing_more_than_0percent_from_T1_to_Tissue_Vol,-0.03843853592013251,0.06703863705118629,0.1054771729713188,0.10549872623648264,0.10549872623648264,0.12916243522694928,0.1501690730440795
WashinRate_map_kurtosis_tissue_T1,-0.038385605700912435,0.06694632422837721,0.10533192992928964,0.10535307897664133,0.10535307897664133,0.23701131770468434,0.2622991361208745
Enhancement_variance_decreasing_rate_Tumor,0.03592565242171554,-0.06265604856882513,-0.09858170099054067,-0.098585740119698,0.098585740119698,0.057639225773271324,0.07041836127958552
1st_DFT_CoeffMap_Momment_Invariant_6_3D_tumor,-0.035711321797607685,0.06228224575416113,0.09799356755176881,0.09799626755536067,0.09799626755536067,0.2791628535641251,0.306384127666851
1st_DFT_CoeffMap_Momment_Invariant_1_3D_tumor,-0.03525094242281968,0.06147932220170359,0.09673026462452328,0.09673016800645545,0.09673016800645545,0.19641872323230922,0.22249572717321536
1st_DFT_CoeffMap_Momment_Invariant_6_2D_tumorSlice,-0.03514565344441512,0.061295693209605005,0.09644134665402013,0.0964406256356883,0.0964406256356883,0.21139674368784805,0.2369255877348975
SER_map_Autocorrelation_tissue_PostCon,0.03409752209985152,-0.059467702233669026,-0.09356522433352055,-0.09355859109119184,0.09355859109119184,0.153447868563356,0.17684950429197238
1st_DFT_CoeffMap_Momment_Invariant_5_3D_tumor,-0.03383837310417339,0.059015734044778716,0.0928541071489521,0.09284609602223576,0.09284609602223576,0.30517105157522306,0.3335443931472996
Grouping_based_mean_of_washin_slope_2D_tumorSlice_Group_3,0.03378609637939763,-0.058924560947401894,-0.09271065732679953,-0.09270237222529287,0.09270237222529287,0.13842765977091728,0.16023683155101803
Grouping_based_variance_of_washout_slope_2D_tumorSlice_Group_2,0.033759027406907866,-0.05887735137038087,-0.09263637877728874,-0.09262795233428239,0.09262795233428239,0.07977476939799683,0.09504696624220793
SER_map_Sum_of_Squares_variance_tissue_PostCon,0.03186721061124651,-0.055577932792233296,-0.08744514340347981,-0.08742770553999843,0.08742770553999843,0.18231310780953214,0.20785265955009158
SER_map_Autocorrelation_tissue_T1,0.03168750675260777,-0.05526452070544127,-0.08695202745804904,-0.08693382058797375,0.08693382058797375,0.18887781064169393,0.21441279362544224
WashinRate_map_information_measure_correlation1_tissue_T1,-0.031507723600036515,0.05495097032625467,0.08645869392629119,0.08643973246032009,0.08643973246032009,0.20979592753051268,0.23563067019881362
SER_Partial_tumor_vol_cu_mm,0.03132414378429139,-0.05463079838569848,-0.08595494216998986,-0.08593522530873328,0.08593522530873328,0.18739734961859464,0.21318967300696037
WashinRate_map_sum_average_tissue_PostCon,0.030752776376805395,-0.05363430641907133,-0.08438708279587673,-0.08436511176998557,0.08436511176998557,0.2039750080175902,0.2298381550261489
SER_map_Sum_of_Squares_variance_tissue_T1,0.030625453164184274,-0.05341224867324944,-0.08403770183743371,-0.08401524828904379,0.08401524828904379,0.20420403187578448,0.2298381550261489
sum_entropy_tissue_PostCon,0.030559547912296176,-0.05329730677561052,-0.0838568546879067,-0.08383415418546894,0.08383415418546894,0.23577843834688636,0.2614817481876371
1st_DFT_CoeffMap_Momment_Invariant_5_2D_tumorSlice,-0.029723416934857524,0.05183905453519806,0.08156247147005559,0.08153680244265257,0.08153680244265257,0.3106686116969309,0.33815575223801736
Ratio_Tissue_vol_enhancing_more_than_30percent_from_PostCon_to_Breast_Vol,0.029351552344175316,-0.05119050498121055,-0.08054205732538586,-0.08051516468281955,0.08051516468281955,0.24816821222352423,0.27407303604643907
information_measure_correlation2_tissue_T1,0.029270138092379074,-0.05104851464920738,-0.08031865274158645,-0.08029150002898298,0.08029150002898298,0.2530278840492218,0.2788578138792465
SER_map_sum_average_tissue_PostCon,0.02725683221939024,-0.047537213335009744,-0.07479404555439999,-0.07476133033504875,0.07476133033504875,0.2568831483007543,0.28251805707089195
Grouping_based_variance_of_washout_slope_3D_tumor_Group_2,0.025822751763723145,-0.04503610873077892,-0.07085886049450207,-0.0708231594422,0.0708231594422,0.17243230006470778,0.1970122823633486
Inf_mea_of_corr2_Tumor,0.025637151526405895,-0.04471241307879386,-0.07034956460519975,-0.07031353385525603,0.07031353385525603,0.3080738305574933,0.3360227966286886
SER_map_sum_average_tissue_T1,0.025604636510771064,-0.0446557053431898,-0.07026034185396086,-0.07022425465495925,0.07022425465495925,0.2899591178775884,0.3175742719611682
Cluster_Prominence_tissue_T1,-0.025022041322160873,0.043639631591625705,0.06866167291378658,0.0686246397865208,0.0686246397865208,0.3261111634458781,0.35350984725997847
WashinRate_map_Cluster_Prominence_tissue_T1,-0.024276457536704092,0.04233929796579976,0.06661575550250384,0.06657768959124805,0.06657768959124805,0.3239636328714267,0.35190300162009186
Grouping_based_variance_of_washin_slope_2D_tumorSlice_Group_3,0.02317988689324367,-0.040426826545954586,-0.06360671343919826,-0.06356747941015978,0.06356747941015978,0.22070393311081826,0.24683378565670797
SER_Total_tumor_vol_cu_mm,0.02302512839280224,-0.040156920351732524,-0.06318204874453476,-0.06314268256318502,0.06314268256318502,0.33094412004801366,0.35801521371247286
WashinRate_map_information_measure_correlation1_tissue_PostCon,0.022671862367521996,-0.03954080758145232,-0.062212669948974314,-0.062173031719255,0.062173031719255,0.39610262168044086,0.4258908269694171
Grouping_based_variance_of_peak_enhancement_slope_2D_tumorSlice_Group_3,0.022469752086890206,-0.03918831762773103,-0.06165806971462123,-0.06161829417132767,0.06161829417132767,0.23503305661261004,0.26120270367241744
Volume_cu_mm_Tumor,0.019150339194936288,-0.03339910347688284,-0.05254944267181913,-0.052509211913945794,0.052509211913945794,0.424827497899559,0.45584938415591625
Median_Elongation_Tumor,0.018155271621957604,-0.03166365824543765,-0.04981892986739525,-0.049779177130132544,0.049779177130132544,0.48462448293906923,0.5189602256574243
SER_map_skewness_tissue_T1,-0.017975105207432104,0.03134943943915241,0.04932454464658451,0.049284906479205165,0.049284906479205165,0.361233502532222,0.3899847404888682
Grouping_based_proportion_of_tumor_voxels_2D_tumorSlice_Group_3,-0.01780209230588876,0.031047696700150847,0.048849789006039604,0.048810268747865815,0.048810268747865815,0.48734841982473454,0.5197728106598479
SER_map_skewness_tissue_PostCon,-0.0171772832082565,0.02995799988106639,0.04713528308932289,0.047096251824058515,0.047096251824058515,0.3743981790477382,0.4033740055320845
WashinRate_map_Cluster_Shade_tissue_T1,-0.0171734444500245,0.02995130490391163,0.04712474935393613,0.04708572139421942,0.04708572139421942,0.4860472387738295,0.5194323016391026
SER_map_Cluster_Shade_tumor,0.01712736806495584,-0.029870945494238462,-0.0469983135591943,-0.04695932555912881,0.04695932555912881,0.5155775076168176,0.548773644928162
Grouping_based_proportion_of_tumor_voxels_3D_tumor_Group_3,-0.013823175956832294,0.024108277115189692,0.03793145307202199,0.03789660543682189,0.03789660543682189,0.5915553516528721,0.6283790783621874
Cluster_Prominence_tissue_PostCon,-0.011804089957091455,0.02058689498468941,0.032390984941780866,0.03235976675458635,0.03235976675458635,0.6497883187664211,0.6847370928833402
WashinRate_map_Homogeneity1_tissue_T1,0.011668608140474646,-0.02035060824499516,-0.032019216385469805,-0.031988267776507456,0.031988267776507456,0.6487660418835973,0.6847370928833402
WashinRate_map_inverse_difference_is_homom_tissue_T1,0.011668608140474646,-0.02035060824499516,-0.032019216385469805,-0.031988267776507456,0.031988267776507456,0.6487660418835973,0.6847370928833402
WashinRate_map_kurtosis_tissue_PostCon,0.01151599932438967,-0.020084451202655704,-0.031600450527045375,-0.03156980925428647,0.03156980925428647,0.6156438068893553,0.6526564606101581
tissueVol_T1,0.01100595313173027,-0.01919490635474396,-0.030200859486474232,-0.030171273024184136,0.030171273024184136,0.6694469312088749,0.7040505499194728
Peak_location_of_enhancement_variance_dynamics_Tumor,-0.01057379208446131,0.018441196909209503,0.02901498899367081,0.02898632849877415,0.02898632849877415,0.6711790913498239,0.7044717050080493
WashinRate_map_Entropy_tissue_T1,0.009067822667104201,-0.01581471453250847,-0.02488253719961267,-0.02485731737695288,0.02485731737695288,0.7240689904446342,0.7584801899905178
Grouping_based_proportion_of_3D_tissue_PostCon_Group_2,-0.008904509622047403,0.015529888805119872,0.024434398427167277,0.024409570332885246,0.024409570332885246,0.7361961839726177,0.7696596468804638
Grouping_based_variance_of_washin_slope_2D_tumorSlice_Group_2,0.008892117818773469,-0.015508276910122734,-0.024400394728896203,-0.024375596497887564,0.024375596497887564,0.7425892034871784,0.7748120091611782
BEDR1_Tumor,-0.007828062812901175,0.013652514310598562,0.02148057712349974,0.021458413359751762,0.021458413359751762,0.756957850763337,0.7882494154602466
WashinRate_map_Max_Probability_tissue_T1,0.007143138879811945,-0.012457974355862449,-0.019601113235674393,-0.01958071360616792,0.01958071360616792,0.7663713788778107,0.79648420319521
Variance_of_Uptake_Tumor,-0.006892850199042882,0.012021458978092899,0.018914309177135782,0.018894566443066845,0.018894566443066845,0.7933567334023217,0.8213027631503487
WashinRate_map_sum_average_tissue_T1,-0.006696152015191783,0.011678407978875977,0.01837455999406776,0.018355337862346964,0.018355337862346964,0.7852474508569045,0.8145017676535343
WashinRate_map_Energy_tissue_T1,0.005988408378486651,-0.010444069374384371,-0.016432477752871023,-0.016415158770739735,0.016415158770739735,0.8147765021999707,0.8418296282495791
Grouping_based_proportion_of_3D_tissue_PostCon_Group_1,0.005622246790414024,-0.009805466128518984,-0.01542771291893301,-0.015411395768847603,0.015411395768847603,0.8176955885040652,0.8431987647537046
Change_in_variance_of_Uptake_Tumor,-0.005556402443328811,0.009690630451758072,0.015247032895086884,0.01523089706502825,0.01523089706502825,0.8250827636011563,0.849161054367727
WashinRate_map_skewness_tissue_T1,0.005222225134997133,-0.009107809312822386,-0.01433003444781952,-0.014314824105612451,0.014314824105612451,0.8566917779153933,0.8748840743576121
WashinRate_map_Correlation1_tumor,-0.005206136850048489,0.009079750577762802,0.01428588742781129,0.01427072185666482,0.01427072185666482,0.8434026780192647,0.8646511951011454
WashinRate_map_Correlation2_tumor,-0.005206136850048489,0.009079750577762802,0.01428588742781129,0.01427072185666482,0.01427072185666482,0.8434026780192647,0.8646511951011454
PE_map_Cluster_Shade_tumor,-0.005161144308749371,0.0090012814432355,0.014162425751984871,0.014147385490126093,0.014147385490126093,0.8518244822559042,0.8715960369697744
Grouping_based_variance_of_peak_enhancement_slope_2D_tumorSlice_Group_2,0.0041074439044688086,-0.00716357776196039,-0.0112710216664292,-0.011258956137388006,0.011258956137388006,0.8804156658188083,0.8920180470943544
Grouping_based_proportion_of_3D_tissue_T1_Group_1,0.004043758435829225,-0.007052507272011127,-0.011096265707840352,-0.011084382235693942,0.011084382235693942,0.8733849299797858,0.8881530615539459
BEDR2_Tumor,0.003965327431877291,-0.006915719866308123,-0.010881047298185415,-0.010869388358662725,0.010869388358662725,0.8744279423642356,0.8881530615539459
WashinRate_map_Sum_of_Squares_variance_tissue_T1,-0.0038608104131416607,0.0067334372086344865,0.010594247621776147,0.010582888436585223,0.010582888436585223,0.8747216352922605,0.8881530615539459
WashinRate_map_Homogeneity2_tissue_T1,0.0037836785026227524,-0.006598915483741152,-0.010382593986363904,-0.010371456403977962,0.010371456403977962,0.8819006401329818,0.8920180470943544
Grouping_based_proportion_of_3D_tissue_PostCon_Group_3,0.002379196022906841,-0.004149431158998289,-0.00652862718190513,-0.00652157458878364,0.00652157458878364,0.9277410002370112,0.936593490697288
difference_entropy_tissue_PostCon,-0.0020592361344662345,0.0035914058773712735,0.0056506420118375075,0.0056445308779291565,0.0056445308779291565,0.9393855446691102,0.9465427678665891
WashinRate_map_sum_entropy_tissue_T1,-0.0014810169853458433,0.0025829641470650213,0.004063981132410865,0.004059578715618596,0.004059578715618596,0.9538503946165446,0.9592906059926847
WashinRate_map_sum_variance__tissue_T1,-0.0005275757208279033,0.0009201171797774688,0.001447692900605372,0.0014461222333415475,0.0014461222333415475,0.9828082587159876,0.9865380813297105
Cluster_Shade_tissue_PostCon,0.00018701172342210505,-0.000326157350968211,-0.0005131690743903161,-0.0005126122053514393,0.0005126122053514393,0.9940272772899883,0.9959099047090981
WashinRate_map_Autocorrelation_tissue_T1,9.088493858332371e-05,-0.0001585076607429427,-0.00024939259932626643,-0.0002491219633857012,0.0002491219633857012,0.9970356599880006,0.9970356599880006
